danceability,energy,key,loudness,mode,speechiness,acousticness,instrumentalness,liveness,valence,tempo,type,id,uri,track_href,analysis_url,duration_ms,time_signature,genre,song_name,Unnamed: 0,title
0.831,0.814,2,-7.364,1,0.42,0.0598,0.0134,0.0556,0.389,156.985,audio_features,2Vc6NJ9PW9gD9q343XFRKx,spotify:track:2Vc6NJ9PW9gD9q343XFRKx,https://api.spotify.com/v1/tracks/2Vc6NJ9PW9gD9q343XFRKx,https://api.spotify.com/v1/audio-analysis/2Vc6NJ9PW9gD9q343XFRKx,124539,4,Dark Trap,Mercury: Retrograde,,
0.719,0.493,8,-7.23,1,0.0794,0.401,0,0.118,0.124,115.08,audio_features,7pgJBLVz5VmnL7uGHmRj6p,spotify:track:7pgJBLVz5VmnL7uGHmRj6p,https://api.spotify.com/v1/tracks/7pgJBLVz5VmnL7uGHmRj6p,https://api.spotify.com/v1/audio-analysis/7pgJBLVz5VmnL7uGHmRj6p,224427,4,Dark Trap,Pathology,,
0.85,0.893,5,-4.783,1,0.0623,0.0138,4.14E-06,0.372,0.0391,218.05,audio_features,0vSWgAlfpye0WCGeNmuNhy,spotify:track:0vSWgAlfpye0WCGeNmuNhy,https://api.spotify.com/v1/tracks/0vSWgAlfpye0WCGeNmuNhy,https://api.spotify.com/v1/audio-analysis/0vSWgAlfpye0WCGeNmuNhy,98821,4,Dark Trap,Symbiote,,
0.476,0.781,0,-4.71,1,0.103,0.0237,0,0.114,0.175,186.948,audio_features,0VSXnJqQkwuH2ei1nOQ1nu,spotify:track:0VSXnJqQkwuH2ei1nOQ1nu,https://api.spotify.com/v1/tracks/0VSXnJqQkwuH2ei1nOQ1nu,https://api.spotify.com/v1/audio-analysis/0VSXnJqQkwuH2ei1nOQ1nu,123661,3,Dark Trap,ProductOfDrugs (Prod. The Virus and Antidote),,
0.798,0.624,2,-7.668,1,0.293,0.217,0,0.166,0.591,147.988,audio_features,4jCeguq9rMTlbMmPHuO7S3,spotify:track:4jCeguq9rMTlbMmPHuO7S3,https://api.spotify.com/v1/tracks/4jCeguq9rMTlbMmPHuO7S3,https://api.spotify.com/v1/audio-analysis/4jCeguq9rMTlbMmPHuO7S3,123298,4,Dark Trap,Venom,,
0.721,0.568,0,-11.295,1,0.414,0.0452,0.212,0.128,0.109,144.915,audio_features,6fsypiJHyWmeINsOLC1cos,spotify:track:6fsypiJHyWmeINsOLC1cos,https://api.spotify.com/v1/tracks/6fsypiJHyWmeINsOLC1cos,https://api.spotify.com/v1/audio-analysis/6fsypiJHyWmeINsOLC1cos,112511,4,Dark Trap,Gatteka,,
0.718,0.668,8,-4.162,1,0.137,0.0254,0.0078,0.124,0.038,130.826,audio_features,0XfQbq7DaMOmVXgQ71eA6E,spotify:track:0XfQbq7DaMOmVXgQ71eA6E,https://api.spotify.com/v1/tracks/0XfQbq7DaMOmVXgQ71eA6E,https://api.spotify.com/v1/audio-analysis/0XfQbq7DaMOmVXgQ71eA6E,77584,4,Dark Trap,kamikaze (+ pulse),,
0.694,0.711,8,-5.525,1,0.221,0.0397,0,0.112,0.283,138.049,audio_features,0LLeuNBWPOg3XA73yab3PT,spotify:track:0LLeuNBWPOg3XA73yab3PT,https://api.spotify.com/v1/tracks/0LLeuNBWPOg3XA73yab3PT,https://api.spotify.com/v1/audio-analysis/0LLeuNBWPOg3XA73yab3PT,127524,3,Dark Trap,T.R.U. (Totally Rotten Underground),,
0.774,0.751,1,-2.445,1,0.198,0.0614,0,0.0728,0.189,219.96,audio_features,37gqBnUAZe8BY8WR56kDNk,spotify:track:37gqBnUAZe8BY8WR56kDNk,https://api.spotify.com/v1/tracks/37gqBnUAZe8BY8WR56kDNk,https://api.spotify.com/v1/audio-analysis/37gqBnUAZe8BY8WR56kDNk,140326,4,Dark Trap,I Put My Dick in Your Mental,,
0.893,0.907,11,-10.406,1,0.367,0.152,0.0311,0.558,0.302,199.942,audio_features,2ggqfj97qyiORmXoVFzP5j,spotify:track:2ggqfj97qyiORmXoVFzP5j,https://api.spotify.com/v1/tracks/2ggqfj97qyiORmXoVFzP5j,https://api.spotify.com/v1/audio-analysis/2ggqfj97qyiORmXoVFzP5j,121979,4,Dark Trap,Andromeda,,
0.864,0.365,8,-10.219,1,0.0655,0.187,0,0.116,0.0478,189.938,audio_features,7EL7ifncK2PWFYThJjzR25,spotify:track:7EL7ifncK2PWFYThJjzR25,https://api.spotify.com/v1/tracks/7EL7ifncK2PWFYThJjzR25,https://api.spotify.com/v1/audio-analysis/7EL7ifncK2PWFYThJjzR25,101172,4,Dark Trap,BRAINFOOD,,
0.736,0.932,1,-3.726,1,0.271,0.146,0.0025,0.182,0.18,124.514,audio_features,0QiF3l617bIKVrkBqgdMHE,spotify:track:0QiF3l617bIKVrkBqgdMHE,https://api.spotify.com/v1/tracks/0QiF3l617bIKVrkBqgdMHE,https://api.spotify.com/v1/audio-analysis/0QiF3l617bIKVrkBqgdMHE,115775,4,Dark Trap,Troll Under the Bridge,,
0.825,0.761,8,-5.389,1,0.104,0.0111,0.00359,0.334,0.161,149.97,audio_features,5o7ZDvfOry1MNhNLBOJulo,spotify:track:5o7ZDvfOry1MNhNLBOJulo,https://api.spotify.com/v1/tracks/5o7ZDvfOry1MNhNLBOJulo,https://api.spotify.com/v1/audio-analysis/5o7ZDvfOry1MNhNLBOJulo,163371,4,Dark Trap,1000 Rounds,,
0.767,0.576,10,-9.683,0,0.256,0.145,2.61E-06,0.0968,0.187,139.99,audio_features,1umsRbM7L4ju7rn9aU8Ju6,spotify:track:1umsRbM7L4ju7rn9aU8Ju6,https://api.spotify.com/v1/tracks/1umsRbM7L4ju7rn9aU8Ju6,https://api.spotify.com/v1/audio-analysis/1umsRbM7L4ju7rn9aU8Ju6,96062,4,Dark Trap,Sacrifice,,
0.765,0.726,5,-5.58,1,0.191,0.0077,0,0.619,0.27,128.014,audio_features,4SKqOHKYU5pgHr5UiVKiQN,spotify:track:4SKqOHKYU5pgHr5UiVKiQN,https://api.spotify.com/v1/tracks/4SKqOHKYU5pgHr5UiVKiQN,https://api.spotify.com/v1/audio-analysis/4SKqOHKYU5pgHr5UiVKiQN,135079,4,Dark Trap,Backpack,,
0.617,0.541,6,-4.113,1,0.78,0.125,0,0.369,0.43,159.996,audio_features,4Ag89Y7qSUrpxcgRtSzSam,spotify:track:4Ag89Y7qSUrpxcgRtSzSam,https://api.spotify.com/v1/tracks/4Ag89Y7qSUrpxcgRtSzSam,https://api.spotify.com/v1/audio-analysis/4Ag89Y7qSUrpxcgRtSzSam,107999,4,Dark Trap,D(R)Own,,
0.755,0.298,1,-15.032,1,0.0915,0.154,0.329,0.101,0.0372,199.958,audio_features,28xkYPSP0P5xu5vT6MQfCy,spotify:track:28xkYPSP0P5xu5vT6MQfCy,https://api.spotify.com/v1/tracks/28xkYPSP0P5xu5vT6MQfCy,https://api.spotify.com/v1/audio-analysis/28xkYPSP0P5xu5vT6MQfCy,123054,4,Dark Trap,"Okay,ButThisIsTheLastTime",,
0.814,0.575,11,-9.635,1,0.0635,0.172,0.000291,0.109,0.288,120.004,audio_features,3uE1swbcRp5BrO64UNy6Ex,spotify:track:3uE1swbcRp5BrO64UNy6Ex,https://api.spotify.com/v1/tracks/3uE1swbcRp5BrO64UNy6Ex,https://api.spotify.com/v1/audio-analysis/3uE1swbcRp5BrO64UNy6Ex,192833,4,Dark Trap,TakingOutTheTrash,,
0.812,0.813,10,-5.583,0,0.0984,0.0987,0.00015,0.0758,0.348,128.066,audio_features,3KJrwOuqiEwHq6QTreZT61,spotify:track:3KJrwOuqiEwHq6QTreZT61,https://api.spotify.com/v1/tracks/3KJrwOuqiEwHq6QTreZT61,https://api.spotify.com/v1/audio-analysis/3KJrwOuqiEwHq6QTreZT61,180880,4,Dark Trap,Io sono qui,,
0.849,0.648,7,-6.188,1,0.0832,0.0725,0.00592,0.0984,0.196,212.15,audio_features,4irYeuAi87yyGHcI4h9s0x,spotify:track:4irYeuAi87yyGHcI4h9s0x,https://api.spotify.com/v1/tracks/4irYeuAi87yyGHcI4h9s0x,https://api.spotify.com/v1/audio-analysis/4irYeuAi87yyGHcI4h9s0x,111020,4,Dark Trap,Paris,,
0.602,0.578,0,-5.61,1,0.0283,0.0343,0,0.164,0.156,114.956,audio_features,4QhUXx4ON40TIBrZIlnIke,spotify:track:4QhUXx4ON40TIBrZIlnIke,https://api.spotify.com/v1/tracks/4QhUXx4ON40TIBrZIlnIke,https://api.spotify.com/v1/audio-analysis/4QhUXx4ON40TIBrZIlnIke,186261,4,Dark Trap,Murder,,
0.876,0.768,7,-6.606,1,0.201,0.112,1.21E-05,0.283,0.72,111.958,audio_features,09320vyX4qHd4GjHIpy5w0,spotify:track:09320vyX4qHd4GjHIpy5w0,https://api.spotify.com/v1/tracks/09320vyX4qHd4GjHIpy5w0,https://api.spotify.com/v1/audio-analysis/09320vyX4qHd4GjHIpy5w0,124676,5,Dark Trap,High 'N Mighty,,
0.777,0.711,0,-3.902,1,0.137,0.312,0,0.205,0.293,139.973,audio_features,2SZLtfY7dz7NLSxxnvDDis,spotify:track:2SZLtfY7dz7NLSxxnvDDis,https://api.spotify.com/v1/tracks/2SZLtfY7dz7NLSxxnvDDis,https://api.spotify.com/v1/audio-analysis/2SZLtfY7dz7NLSxxnvDDis,153685,4,Dark Trap,Euronymous,,
0.829,0.59,9,-7.818,0,0.263,0.0391,0.0107,0.114,0.332,112.97,audio_features,0KRKqIJPX6LT9v1ZQGbfn7,spotify:track:0KRKqIJPX6LT9v1ZQGbfn7,https://api.spotify.com/v1/tracks/0KRKqIJPX6LT9v1ZQGbfn7,https://api.spotify.com/v1/audio-analysis/0KRKqIJPX6LT9v1ZQGbfn7,127128,4,Dark Trap,Hades,,
0.783,0.929,11,0.551,0,0.0893,0.2,0.00414,0.689,0.152,118.03,audio_features,0jsbEBnXWgHLkvjV49vYVG,spotify:track:0jsbEBnXWgHLkvjV49vYVG,https://api.spotify.com/v1/tracks/0jsbEBnXWgHLkvjV49vYVG,https://api.spotify.com/v1/audio-analysis/0jsbEBnXWgHLkvjV49vYVG,134447,4,Dark Trap,Nails,,
0.787,0.727,1,-7.194,1,0.265,0.000997,0.0017,0.376,0.21,141.52,audio_features,0wxwXyrJYHyGUKlBaCIhgp,spotify:track:0wxwXyrJYHyGUKlBaCIhgp,https://api.spotify.com/v1/tracks/0wxwXyrJYHyGUKlBaCIhgp,https://api.spotify.com/v1/audio-analysis/0wxwXyrJYHyGUKlBaCIhgp,140038,4,Dark Trap,Squeeze,,
0.705,0.648,4,-10.467,0,0.141,0.00476,0.000595,0.373,0.398,130.037,audio_features,0vUhboOWxdj97denl4T91p,spotify:track:0vUhboOWxdj97denl4T91p,https://api.spotify.com/v1/tracks/0vUhboOWxdj97denl4T91p,https://api.spotify.com/v1/audio-analysis/0vUhboOWxdj97denl4T91p,155350,4,Dark Trap,No Teeth,,
0.69,0.76,1,-5.431,1,0.0895,0.0525,0,0.134,0.0797,125.013,audio_features,6xEnbXM1us9fDJy2LC0lru,spotify:track:6xEnbXM1us9fDJy2LC0lru,https://api.spotify.com/v1/tracks/6xEnbXM1us9fDJy2LC0lru,https://api.spotify.com/v1/audio-analysis/6xEnbXM1us9fDJy2LC0lru,154929,4,Dark Trap,Bang Ya Fucking Head,,
0.799,0.966,0,-4.586,1,0.366,0.089,0,0.658,0.864,139.967,audio_features,4ZOxwKHoHlhIZPzucOUVoY,spotify:track:4ZOxwKHoHlhIZPzucOUVoY,https://api.spotify.com/v1/tracks/4ZOxwKHoHlhIZPzucOUVoY,https://api.spotify.com/v1/audio-analysis/4ZOxwKHoHlhIZPzucOUVoY,137221,4,Dark Trap,BLUE JUICE,,
0.936,0.476,1,-11.439,1,0.403,0.0139,0,0.402,0.363,121.979,audio_features,2AoJ1NSLrqfppo6oT5Bqc8,spotify:track:2AoJ1NSLrqfppo6oT5Bqc8,https://api.spotify.com/v1/tracks/2AoJ1NSLrqfppo6oT5Bqc8,https://api.spotify.com/v1/audio-analysis/2AoJ1NSLrqfppo6oT5Bqc8,175543,4,Dark Trap,Loch Ness,,
0.838,0.634,8,-8.076,1,0.0931,0.00537,0,0.111,0.224,114.771,audio_features,30Q5BsSJBLb9SGm0BtuJj4,spotify:track:30Q5BsSJBLb9SGm0BtuJj4,https://api.spotify.com/v1/tracks/30Q5BsSJBLb9SGm0BtuJj4,https://api.spotify.com/v1/audio-analysis/30Q5BsSJBLb9SGm0BtuJj4,168202,4,Dark Trap,Hold Uh,,
0.964,0.51,1,-7.003,1,0.242,0.000214,6.47E-06,0.0549,0.474,130.028,audio_features,3Xi5SYx5pOqte5tLKHEmPb,spotify:track:3Xi5SYx5pOqte5tLKHEmPb,https://api.spotify.com/v1/tracks/3Xi5SYx5pOqte5tLKHEmPb,https://api.spotify.com/v1/audio-analysis/3Xi5SYx5pOqte5tLKHEmPb,136650,4,Dark Trap,Bone Saw,,
0.83,0.387,10,-12.908,0,0.345,0.0858,0.407,0.0926,0.561,120.006,audio_features,2bmSQxuradc103RXzvjTkE,spotify:track:2bmSQxuradc103RXzvjTkE,https://api.spotify.com/v1/tracks/2bmSQxuradc103RXzvjTkE,https://api.spotify.com/v1/audio-analysis/2bmSQxuradc103RXzvjTkE,132193,4,Dark Trap,Coffin Wave,,
0.455,0.525,5,-12.692,0,0.0455,0.136,0.734,0.125,0.279,119.999,audio_features,2Tu4kHEeIVFn6Re2ybm2lQ,spotify:track:2Tu4kHEeIVFn6Re2ybm2lQ,https://api.spotify.com/v1/tracks/2Tu4kHEeIVFn6Re2ybm2lQ,https://api.spotify.com/v1/audio-analysis/2Tu4kHEeIVFn6Re2ybm2lQ,159974,4,Dark Trap,OhNo!,,
0.748,0.573,9,-9.907,1,0.0543,0.484,2.59E-06,0.0929,0.193,117.962,audio_features,0QVG9r2otIXoWCHyh09SqU,spotify:track:0QVG9r2otIXoWCHyh09SqU,https://api.spotify.com/v1/tracks/0QVG9r2otIXoWCHyh09SqU,https://api.spotify.com/v1/audio-analysis/0QVG9r2otIXoWCHyh09SqU,195875,4,Dark Trap,TheArtOfCremation,,
0.745,0.688,6,-9.263,0,0.103,0.264,0.00906,0.077,0.522,114.997,audio_features,78w3kPqUAwDjADBY3xAGHl,spotify:track:78w3kPqUAwDjADBY3xAGHl,https://api.spotify.com/v1/tracks/78w3kPqUAwDjADBY3xAGHl,https://api.spotify.com/v1/audio-analysis/78w3kPqUAwDjADBY3xAGHl,107750,5,Dark Trap,OakGroveRoad,,
0.722,0.519,0,-12.871,1,0.0516,0.0253,0.0114,0.189,0.128,199.974,audio_features,02803el8p3mKqcJzJ3Agpp,spotify:track:02803el8p3mKqcJzJ3Agpp,https://api.spotify.com/v1/tracks/02803el8p3mKqcJzJ3Agpp,https://api.spotify.com/v1/audio-analysis/02803el8p3mKqcJzJ3Agpp,143833,4,Dark Trap,WhatWasThat,,
0.657,0.473,1,-12.051,1,0.0368,0.232,0.026,0.108,0.153,150.029,audio_features,5Njf3sGQoxQJqcR4gUbttZ,spotify:track:5Njf3sGQoxQJqcR4gUbttZ,https://api.spotify.com/v1/tracks/5Njf3sGQoxQJqcR4gUbttZ,https://api.spotify.com/v1/audio-analysis/5Njf3sGQoxQJqcR4gUbttZ,114500,4,Dark Trap,FunnyToSeeYouHere,,
0.936,0.474,1,-9.694,1,0.393,0.0213,0,0.111,0.168,129.999,audio_features,7BLFY8GsDyUkaARTv0uwKH,spotify:track:7BLFY8GsDyUkaARTv0uwKH,https://api.spotify.com/v1/tracks/7BLFY8GsDyUkaARTv0uwKH,https://api.spotify.com/v1/audio-analysis/7BLFY8GsDyUkaARTv0uwKH,166910,4,Dark Trap,John Dee,,
0.765,0.62,10,-7.338,0,0.14,0.0643,0.00019,0.16,0.218,219.808,audio_features,2bmjoUqk5ELqted5imBtMd,spotify:track:2bmjoUqk5ELqted5imBtMd,https://api.spotify.com/v1/tracks/2bmjoUqk5ELqted5imBtMd,https://api.spotify.com/v1/audio-analysis/2bmjoUqk5ELqted5imBtMd,131350,4,Dark Trap,Kybalion,,
0.65,0.952,11,-2.686,1,0.5,0.0912,0.351,0.337,0.256,209.998,audio_features,4Uk53I7Lz6bzctGoyNxf8W,spotify:track:4Uk53I7Lz6bzctGoyNxf8W,https://api.spotify.com/v1/tracks/4Uk53I7Lz6bzctGoyNxf8W,https://api.spotify.com/v1/audio-analysis/4Uk53I7Lz6bzctGoyNxf8W,122211,3,Dark Trap,Killer,,
0.386,0.936,7,-5.551,1,0.604,0.101,0.00192,0.381,0.193,190.15,audio_features,7FoW7q7uZGOHlGi9w5mUxN,spotify:track:7FoW7q7uZGOHlGi9w5mUxN,https://api.spotify.com/v1/tracks/7FoW7q7uZGOHlGi9w5mUxN,https://api.spotify.com/v1/audio-analysis/7FoW7q7uZGOHlGi9w5mUxN,197053,4,Dark Trap,608,,
0.563,0.68,0,-5.953,1,0.39,0.236,3.28E-05,0.122,0.0396,180.218,audio_features,6dm3aVYUAfZtdFeLAG6R9F,spotify:track:6dm3aVYUAfZtdFeLAG6R9F,https://api.spotify.com/v1/tracks/6dm3aVYUAfZtdFeLAG6R9F,https://api.spotify.com/v1/audio-analysis/6dm3aVYUAfZtdFeLAG6R9F,110000,3,Dark Trap,Eternal Dreams,,
0.777,0.902,1,-3.915,1,0.349,0.0905,0,0.275,0.462,129.985,audio_features,5QArbhcHhpW48U4cK3Joj9,spotify:track:5QArbhcHhpW48U4cK3Joj9,https://api.spotify.com/v1/tracks/5QArbhcHhpW48U4cK3Joj9,https://api.spotify.com/v1/audio-analysis/5QArbhcHhpW48U4cK3Joj9,134844,4,Dark Trap,Nightmare Choir (I Been Asleep Too Long),,
0.607,0.749,2,-4.497,1,0.0728,0.00641,7.66E-05,0.234,0.18,121.829,audio_features,2Bkfvi3pCcwoJwnmd45OnA,spotify:track:2Bkfvi3pCcwoJwnmd45OnA,https://api.spotify.com/v1/tracks/2Bkfvi3pCcwoJwnmd45OnA,https://api.spotify.com/v1/audio-analysis/2Bkfvi3pCcwoJwnmd45OnA,126224,4,Dark Trap,Exodus,,
0.628,0.573,1,-8.161,1,0.0673,0.00362,0,0.0874,0.0387,115.503,audio_features,2XLdbJRfl2UHHzIurEFgAA,spotify:track:2XLdbJRfl2UHHzIurEFgAA,https://api.spotify.com/v1/tracks/2XLdbJRfl2UHHzIurEFgAA,https://api.spotify.com/v1/audio-analysis/2XLdbJRfl2UHHzIurEFgAA,132702,3,Dark Trap,Vengeance,,
0.468,0.325,1,-8.267,1,0.245,0.115,0.726,0.109,0.0387,191.186,audio_features,2Iwf4sAnEgkuxxnJ61du8z,spotify:track:2Iwf4sAnEgkuxxnJ61du8z,https://api.spotify.com/v1/tracks/2Iwf4sAnEgkuxxnJ61du8z,https://api.spotify.com/v1/audio-analysis/2Iwf4sAnEgkuxxnJ61du8z,90645,3,Dark Trap,Claustrophobia,,
0.512,0.44,1,-7.816,1,0.233,0.00386,3.11E-06,0.233,0.132,207.992,audio_features,04MKRNwoX7TqQkA0ZrtMbC,spotify:track:04MKRNwoX7TqQkA0ZrtMbC,https://api.spotify.com/v1/tracks/04MKRNwoX7TqQkA0ZrtMbC,https://api.spotify.com/v1/audio-analysis/04MKRNwoX7TqQkA0ZrtMbC,86805,1,Dark Trap,Rearranged,,
0.504,0.48,3,-8.885,1,0.045,0.832,0.000252,0.101,0.878,173.993,audio_features,5DV8yoddFyjLVfRT6pfAht,spotify:track:5DV8yoddFyjLVfRT6pfAht,https://api.spotify.com/v1/tracks/5DV8yoddFyjLVfRT6pfAht,https://api.spotify.com/v1/audio-analysis/5DV8yoddFyjLVfRT6pfAht,176901,4,Dark Trap,Paralax,,
0.608,0.662,1,-8.474,1,0.0338,0.0246,7.85E-06,0.0409,0.0637,117.031,audio_features,1XKlzwkRZmyrz2OjVqNIyl,spotify:track:1XKlzwkRZmyrz2OjVqNIyl,https://api.spotify.com/v1/tracks/1XKlzwkRZmyrz2OjVqNIyl,https://api.spotify.com/v1/audio-analysis/1XKlzwkRZmyrz2OjVqNIyl,98482,4,Dark Trap,Exsanguination,,
0.783,0.684,5,-7.435,1,0.0358,0.00873,0.000548,0.222,0.173,141.037,audio_features,78SOPBLZeBjDQ9NVTePOPE,spotify:track:78SOPBLZeBjDQ9NVTePOPE,https://api.spotify.com/v1/tracks/78SOPBLZeBjDQ9NVTePOPE,https://api.spotify.com/v1/audio-analysis/78SOPBLZeBjDQ9NVTePOPE,117447,4,Dark Trap,Mutiny,,
0.668,0.479,10,-7.321,0,0.0436,0.0612,0.408,0.12,0.102,162.12,audio_features,1NJel5c5LSc9Ac7UAeoJtp,spotify:track:1NJel5c5LSc9Ac7UAeoJtp,https://api.spotify.com/v1/tracks/1NJel5c5LSc9Ac7UAeoJtp,https://api.spotify.com/v1/audio-analysis/1NJel5c5LSc9Ac7UAeoJtp,128888,4,Dark Trap,Centipede,,
0.528,0.617,8,-6.123,1,0.0657,0.202,0.153,0.146,0.0356,119.047,audio_features,18hIrODUziu3KyUxeDKlcq,spotify:track:18hIrODUziu3KyUxeDKlcq,https://api.spotify.com/v1/tracks/18hIrODUziu3KyUxeDKlcq,https://api.spotify.com/v1/audio-analysis/18hIrODUziu3KyUxeDKlcq,199664,4,Dark Trap,Грустная сука,,
0.796,0.756,8,-2.244,1,0.0572,0.0059,0.00679,0.128,0.0292,120.01,audio_features,04xhIz4DiBGDECn7kIFodv,spotify:track:04xhIz4DiBGDECn7kIFodv,https://api.spotify.com/v1/tracks/04xhIz4DiBGDECn7kIFodv,https://api.spotify.com/v1/audio-analysis/04xhIz4DiBGDECn7kIFodv,112000,4,Dark Trap,This World Is Sick,,
0.299,0.381,3,-6.951,0,0.038,0.445,0.0023,0.0932,0.0392,136.462,audio_features,6Q1LtmZPFRGNZbH6VdarBQ,spotify:track:6Q1LtmZPFRGNZbH6VdarBQ,https://api.spotify.com/v1/tracks/6Q1LtmZPFRGNZbH6VdarBQ,https://api.spotify.com/v1/audio-analysis/6Q1LtmZPFRGNZbH6VdarBQ,234000,1,Dark Trap,Пламя,,
0.644,0.64,8,-7.877,1,0.0688,0.00329,0,0.146,0.175,217.888,audio_features,3uvKXKQxcmjPT7letWh3Pf,spotify:track:3uvKXKQxcmjPT7letWh3Pf,https://api.spotify.com/v1/tracks/3uvKXKQxcmjPT7letWh3Pf,https://api.spotify.com/v1/audio-analysis/3uvKXKQxcmjPT7letWh3Pf,125048,3,Dark Trap,2:45,,
0.473,0.843,1,-5.981,1,0.225,0.00345,2.53E-05,0.102,0.24,143.294,audio_features,1K86gziny1mnNIisKBqzhH,spotify:track:1K86gziny1mnNIisKBqzhH,https://api.spotify.com/v1/tracks/1K86gziny1mnNIisKBqzhH,https://api.spotify.com/v1/audio-analysis/1K86gziny1mnNIisKBqzhH,183536,4,Dark Trap,who is he,,
0.471,0.618,10,-9.965,0,0.108,0.0219,0.00664,0.16,0.0392,110.337,audio_features,7yvTs8trSYMtNNisA0nT73,spotify:track:7yvTs8trSYMtNNisA0nT73,https://api.spotify.com/v1/tracks/7yvTs8trSYMtNNisA0nT73,https://api.spotify.com/v1/audio-analysis/7yvTs8trSYMtNNisA0nT73,125500,4,Dark Trap,Sleeping,,
0.665,0.446,1,-14.845,1,0.172,0.069,1.88E-05,0.323,0.117,115.282,audio_features,3Pk6O7DndRfH1q6UFsCaWm,spotify:track:3Pk6O7DndRfH1q6UFsCaWm,https://api.spotify.com/v1/tracks/3Pk6O7DndRfH1q6UFsCaWm,https://api.spotify.com/v1/audio-analysis/3Pk6O7DndRfH1q6UFsCaWm,156048,4,Dark Trap,Timeless,,
0.812,0.707,10,-6.815,0,0.0752,0.236,0,0.587,0.248,219.984,audio_features,5mPUo1HP5K4H6hepYHqbZx,spotify:track:5mPUo1HP5K4H6hepYHqbZx,https://api.spotify.com/v1/tracks/5mPUo1HP5K4H6hepYHqbZx,https://api.spotify.com/v1/audio-analysis/5mPUo1HP5K4H6hepYHqbZx,175203,4,Dark Trap,Pound for Pound,,
0.262,0.897,4,-2.712,0,0.398,0.0237,0,0.11,0.253,199.651,audio_features,2x7mBK5ozd9hwneRKMVpkD,spotify:track:2x7mBK5ozd9hwneRKMVpkD,https://api.spotify.com/v1/tracks/2x7mBK5ozd9hwneRKMVpkD,https://api.spotify.com/v1/audio-analysis/2x7mBK5ozd9hwneRKMVpkD,153104,4,Dark Trap,Finger Trembling,,
0.571,0.865,8,-4.99,1,0.0397,0.0042,0.207,0.0906,0.177,150.017,audio_features,3kBa1eXqkSvfCLmG8VqQ10,spotify:track:3kBa1eXqkSvfCLmG8VqQ10,https://api.spotify.com/v1/tracks/3kBa1eXqkSvfCLmG8VqQ10,https://api.spotify.com/v1/audio-analysis/3kBa1eXqkSvfCLmG8VqQ10,166426,4,Dark Trap,Overload,,
0.753,0.679,5,-7.092,0,0.0349,0.324,4.21E-05,0.423,0.19,211.954,audio_features,5XAPpyIoYF3QXP34Hv8Pvx,spotify:track:5XAPpyIoYF3QXP34Hv8Pvx,https://api.spotify.com/v1/tracks/5XAPpyIoYF3QXP34Hv8Pvx,https://api.spotify.com/v1/audio-analysis/5XAPpyIoYF3QXP34Hv8Pvx,145078,4,Dark Trap,Kill Yourself (Part III),,
0.935,0.429,1,-6.697,1,0.118,0.0308,0,0.102,0.0769,139.987,audio_features,4yORBk6ZyYsJpnJchyZevc,spotify:track:4yORBk6ZyYsJpnJchyZevc,https://api.spotify.com/v1/tracks/4yORBk6ZyYsJpnJchyZevc,https://api.spotify.com/v1/audio-analysis/4yORBk6ZyYsJpnJchyZevc,123481,4,Dark Trap,2nd Hand,,
0.726,0.634,2,-6.844,1,0.0792,0.553,4.43E-06,0.0916,0.318,211.95,audio_features,3NSgQjYihV40pOmn8AQevz,spotify:track:3NSgQjYihV40pOmn8AQevz,https://api.spotify.com/v1/tracks/3NSgQjYihV40pOmn8AQevz,https://api.spotify.com/v1/audio-analysis/3NSgQjYihV40pOmn8AQevz,126850,5,Dark Trap,Antarctica,,
0.854,0.98,1,-1.181,1,0.0569,0.263,0.00053,0.548,0.255,220.002,audio_features,3SCVHoGHV7GL0hmqcOIpqh,spotify:track:3SCVHoGHV7GL0hmqcOIpqh,https://api.spotify.com/v1/tracks/3SCVHoGHV7GL0hmqcOIpqh,https://api.spotify.com/v1/audio-analysis/3SCVHoGHV7GL0hmqcOIpqh,122000,4,Dark Trap,Memoirs Of A Gorilla,,
0.526,0.62,8,-7.244,0,0.281,0.067,0.000241,0.139,0.187,112.027,audio_features,70nmZhHZLNVYWP4NON41Zw,spotify:track:70nmZhHZLNVYWP4NON41Zw,https://api.spotify.com/v1/tracks/70nmZhHZLNVYWP4NON41Zw,https://api.spotify.com/v1/audio-analysis/70nmZhHZLNVYWP4NON41Zw,205766,4,Dark Trap,Runnin' Thru The 7th With My Woadies,,
0.84,0.444,3,-10.58,0,0.211,0.532,0.000884,0.0623,0.376,131.999,audio_features,4owRIrDAJPqNWGf2SGC3H8,spotify:track:4owRIrDAJPqNWGf2SGC3H8,https://api.spotify.com/v1/tracks/4owRIrDAJPqNWGf2SGC3H8,https://api.spotify.com/v1/audio-analysis/4owRIrDAJPqNWGf2SGC3H8,145636,4,Dark Trap,Mount Sinai,,
0.818,0.576,0,-7.588,0,0.162,0.29,0,0.105,0.285,192.378,audio_features,6yK9kwo8cBoVRNOylq0yNc,spotify:track:6yK9kwo8cBoVRNOylq0yNc,https://api.spotify.com/v1/tracks/6yK9kwo8cBoVRNOylq0yNc,https://api.spotify.com/v1/audio-analysis/6yK9kwo8cBoVRNOylq0yNc,150187,3,Dark Trap,FUCKTHEPOPULATION,,
0.881,0.903,8,-0.955,1,0.0813,0.267,0.00253,0.109,0.272,119.994,audio_features,3bNCifwGPjqeeqzpjrFG9k,spotify:track:3bNCifwGPjqeeqzpjrFG9k,https://api.spotify.com/v1/tracks/3bNCifwGPjqeeqzpjrFG9k,https://api.spotify.com/v1/audio-analysis/3bNCifwGPjqeeqzpjrFG9k,131500,4,Dark Trap,Magazine,,
0.77,0.623,8,-7.025,0,0.0569,0.0601,0,0.117,0.0947,134.974,audio_features,599cYawsBthDvauPoXNr7U,spotify:track:599cYawsBthDvauPoXNr7U,https://api.spotify.com/v1/tracks/599cYawsBthDvauPoXNr7U,https://api.spotify.com/v1/audio-analysis/599cYawsBthDvauPoXNr7U,199100,4,Dark Trap,2 Hot 4 U (feat. $Uicdeboy$),,
0.8,0.505,0,-6.54,1,0.115,0.0206,2.05E-05,0.198,0.179,114.972,audio_features,2I12vOWeJU5ayhr6ha6esf,spotify:track:2I12vOWeJU5ayhr6ha6esf,https://api.spotify.com/v1/tracks/2I12vOWeJU5ayhr6ha6esf,https://api.spotify.com/v1/audio-analysis/2I12vOWeJU5ayhr6ha6esf,128418,4,Dark Trap,O Pana!,,
0.781,0.493,1,-7.649,1,0.0522,0.0717,0.586,0.123,0.0383,212.022,audio_features,0kCfKToIFZFQQAaSQHcjRL,spotify:track:0kCfKToIFZFQQAaSQHcjRL,https://api.spotify.com/v1/tracks/0kCfKToIFZFQQAaSQHcjRL,https://api.spotify.com/v1/audio-analysis/0kCfKToIFZFQQAaSQHcjRL,133747,4,Dark Trap,LTE,,
0.817,0.911,0,-2.153,1,0.0455,0.187,0.00173,0.42,0.34,119.989,audio_features,4XQDrALwqj4J1YPqg58sDV,spotify:track:4XQDrALwqj4J1YPqg58sDV,https://api.spotify.com/v1/tracks/4XQDrALwqj4J1YPqg58sDV,https://api.spotify.com/v1/audio-analysis/4XQDrALwqj4J1YPqg58sDV,116000,3,Dark Trap,Champion Of Death,,
0.814,0.74,10,-5.438,0,0.0947,0.11,2.28E-05,0.12,0.191,120.098,audio_features,0AQXOzjEG2ofwGrDyqUY7H,spotify:track:0AQXOzjEG2ofwGrDyqUY7H,https://api.spotify.com/v1/tracks/0AQXOzjEG2ofwGrDyqUY7H,https://api.spotify.com/v1/audio-analysis/0AQXOzjEG2ofwGrDyqUY7H,183937,4,Dark Trap,Seppuku (feat. Suicideboy$ & Jgrxxn),,
0.678,0.77,6,-3.206,0,0.145,0.125,0,0.184,0.284,150.018,audio_features,3cQPyVlnrmmWU5fQJxl0q9,spotify:track:3cQPyVlnrmmWU5fQJxl0q9,https://api.spotify.com/v1/tracks/3cQPyVlnrmmWU5fQJxl0q9,https://api.spotify.com/v1/audio-analysis/3cQPyVlnrmmWU5fQJxl0q9,133903,4,Dark Trap,You're Now Tuning Into 66.6 FM With DJ Rapture (The Hottest Hour Of The Evening),,
0.755,0.788,0,-4.572,1,0.216,0.0355,0,0.311,0.465,140.055,audio_features,2wzpr7E2FkOISAbYQOtPmZ,spotify:track:2wzpr7E2FkOISAbYQOtPmZ,https://api.spotify.com/v1/tracks/2wzpr7E2FkOISAbYQOtPmZ,https://api.spotify.com/v1/audio-analysis/2wzpr7E2FkOISAbYQOtPmZ,137195,4,Dark Trap,Slip On A Banana Clip,,
0.81,0.524,5,-6.705,1,0.0441,0.0444,0.714,0.105,0.155,122.016,audio_features,7EnGzsqQi0bAVGQw8i4WIQ,spotify:track:7EnGzsqQi0bAVGQw8i4WIQ,https://api.spotify.com/v1/tracks/7EnGzsqQi0bAVGQw8i4WIQ,https://api.spotify.com/v1/audio-analysis/7EnGzsqQi0bAVGQw8i4WIQ,118236,4,Dark Trap,A Death In The Ocean Would Be Beautiful,,
0.806,0.702,0,-6.643,1,0.0688,0.274,0.138,0.323,0.182,211.95,audio_features,3mRBSk7h2Vr0D0yott8VhC,spotify:track:3mRBSk7h2Vr0D0yott8VhC,https://api.spotify.com/v1/tracks/3mRBSk7h2Vr0D0yott8VhC,https://api.spotify.com/v1/audio-analysis/3mRBSk7h2Vr0D0yott8VhC,126874,3,Dark Trap,Shattered Amethyst,,
0.89,0.74,1,-4.303,1,0.223,0.318,1.17E-05,0.244,0.436,130.012,audio_features,7ae2GdeXS5Tvo5RvdNwgaz,spotify:track:7ae2GdeXS5Tvo5RvdNwgaz,https://api.spotify.com/v1/tracks/7ae2GdeXS5Tvo5RvdNwgaz,https://api.spotify.com/v1/audio-analysis/7ae2GdeXS5Tvo5RvdNwgaz,112500,4,Dark Trap,Goosebumps,,
0.909,0.573,5,-6.856,1,0.181,0.0332,0.0163,0.657,0.392,144.946,audio_features,7tUXZgLbOCvRJ9FBlairoU,spotify:track:7tUXZgLbOCvRJ9FBlairoU,https://api.spotify.com/v1/tracks/7tUXZgLbOCvRJ9FBlairoU,https://api.spotify.com/v1/audio-analysis/7tUXZgLbOCvRJ9FBlairoU,134271,4,Dark Trap,Venom,,
0.735,0.933,1,-2.151,0,0.0788,0.0185,0.0108,0.1,0.116,129.988,audio_features,7m1oRKYiZCfuKXRMWGefWR,spotify:track:7m1oRKYiZCfuKXRMWGefWR,https://api.spotify.com/v1/tracks/7m1oRKYiZCfuKXRMWGefWR,https://api.spotify.com/v1/audio-analysis/7m1oRKYiZCfuKXRMWGefWR,281538,4,Dark Trap,Bury Me,,
0.698,0.987,8,-0.734,0,0.167,0.0226,0.000558,0.343,0.266,129.763,audio_features,1AADsJz09BwnKW4yYFQwXU,spotify:track:1AADsJz09BwnKW4yYFQwXU,https://api.spotify.com/v1/tracks/1AADsJz09BwnKW4yYFQwXU,https://api.spotify.com/v1/audio-analysis/1AADsJz09BwnKW4yYFQwXU,92308,4,Dark Trap,Hack Slash,,
0.577,0.692,11,-5.96,1,0.64,0.372,0.0596,0.0989,0.0658,144.702,audio_features,5zjdL4aLh3D3wOKeRkZSL6,spotify:track:5zjdL4aLh3D3wOKeRkZSL6,https://api.spotify.com/v1/tracks/5zjdL4aLh3D3wOKeRkZSL6,https://api.spotify.com/v1/audio-analysis/5zjdL4aLh3D3wOKeRkZSL6,122483,4,Dark Trap,2000 Rounds,,
0.827,0.771,0,-4.374,1,0.318,0.0456,0,0.109,0.545,149.867,audio_features,1e0HLyx0SlmAhwTm2un9ft,spotify:track:1e0HLyx0SlmAhwTm2un9ft,https://api.spotify.com/v1/tracks/1e0HLyx0SlmAhwTm2un9ft,https://api.spotify.com/v1/audio-analysis/1e0HLyx0SlmAhwTm2un9ft,166452,4,Dark Trap,Sea Sick,,
0.68,0.707,2,-5.133,1,0.127,0.00914,0.00638,0.097,0.228,159.941,audio_features,0SbKWYPENsANEIIgnCK45e,spotify:track:0SbKWYPENsANEIIgnCK45e,https://api.spotify.com/v1/tracks/0SbKWYPENsANEIIgnCK45e,https://api.spotify.com/v1/audio-analysis/0SbKWYPENsANEIIgnCK45e,149804,4,Dark Trap,Grain,,
0.721,0.899,10,-4.07,0,0.057,0.0116,2.51E-05,0.126,0.0385,142.018,audio_features,1k31A67B0r2PDytoPR283x,spotify:track:1k31A67B0r2PDytoPR283x,https://api.spotify.com/v1/tracks/1k31A67B0r2PDytoPR283x,https://api.spotify.com/v1/audio-analysis/1k31A67B0r2PDytoPR283x,141972,4,Dark Trap,"Beware, the Sirens",,
0.777,0.812,8,-5.146,1,0.0447,0.26,0.264,0.185,0.452,139.961,audio_features,7vNYfMAh3bvHGmRxve1YAg,spotify:track:7vNYfMAh3bvHGmRxve1YAg,https://api.spotify.com/v1/tracks/7vNYfMAh3bvHGmRxve1YAg,https://api.spotify.com/v1/audio-analysis/7vNYfMAh3bvHGmRxve1YAg,140613,3,Dark Trap,Kali Yuga,,
0.579,0.813,7,-4.573,1,0.367,0.0605,3.50E-05,0.365,0.312,215.218,audio_features,4Ao4XHlqBTKsCil8R6e8fD,spotify:track:4Ao4XHlqBTKsCil8R6e8fD,https://api.spotify.com/v1/tracks/4Ao4XHlqBTKsCil8R6e8fD,https://api.spotify.com/v1/audio-analysis/4Ao4XHlqBTKsCil8R6e8fD,135822,4,Dark Trap,Hexada,,
0.86,0.524,11,-4.698,1,0.0729,0.578,0.96,0.0993,0.142,114.946,audio_features,6rF4PCqJq0p4MAWgecwfIl,spotify:track:6rF4PCqJq0p4MAWgecwfIl,https://api.spotify.com/v1/tracks/6rF4PCqJq0p4MAWgecwfIl,https://api.spotify.com/v1/audio-analysis/6rF4PCqJq0p4MAWgecwfIl,148939,4,Dark Trap,Caligula,,
0.425,0.508,8,-10.01,1,0.13,0.0639,0.181,0.244,0.0679,130.837,audio_features,0K1fOHUHEsv1lnq2yU1VG5,spotify:track:0K1fOHUHEsv1lnq2yU1VG5,https://api.spotify.com/v1/tracks/0K1fOHUHEsv1lnq2yU1VG5,https://api.spotify.com/v1/audio-analysis/0K1fOHUHEsv1lnq2yU1VG5,142232,4,Dark Trap,Niagara (feat. Lil Peep),,
0.494,0.695,1,-10.566,1,0.751,0.00421,0.0158,0.223,0.0722,155.01,audio_features,5dBP9gDiDlsXiitxvB4HGb,spotify:track:5dBP9gDiDlsXiitxvB4HGb,https://api.spotify.com/v1/tracks/5dBP9gDiDlsXiitxvB4HGb,https://api.spotify.com/v1/audio-analysis/5dBP9gDiDlsXiitxvB4HGb,197077,4,Dark Trap,Scrying Through Shattered Glass,,
0.649,0.772,11,-5.332,0,0.133,0.717,0.00305,0.103,0.0294,219.946,audio_features,0kHEr6iF9m7mrkTjv9pbZ6,spotify:track:0kHEr6iF9m7mrkTjv9pbZ6,https://api.spotify.com/v1/tracks/0kHEr6iF9m7mrkTjv9pbZ6,https://api.spotify.com/v1/audio-analysis/0kHEr6iF9m7mrkTjv9pbZ6,219749,4,Dark Trap,Polaris,,
0.814,0.758,0,-6.512,1,0.384,0.185,0.091,0.204,0.82,159.94,audio_features,5twSsmNWVzQ5VNA6GzwtHn,spotify:track:5twSsmNWVzQ5VNA6GzwtHn,https://api.spotify.com/v1/tracks/5twSsmNWVzQ5VNA6GzwtHn,https://api.spotify.com/v1/audio-analysis/5twSsmNWVzQ5VNA6GzwtHn,131590,4,Dark Trap,Rapture,,
0.37,0.856,7,-5.489,1,0.401,0.403,0.00967,0.18,0.0755,158.764,audio_features,7lnCmYYscC0mijoPe3Blx8,spotify:track:7lnCmYYscC0mijoPe3Blx8,https://api.spotify.com/v1/tracks/7lnCmYYscC0mijoPe3Blx8,https://api.spotify.com/v1/audio-analysis/7lnCmYYscC0mijoPe3Blx8,236301,5,Dark Trap,Blackmage,,
0.888,0.906,1,-4.028,1,0.365,0.221,0.000474,0.266,0.477,125.033,audio_features,4Qwnjgav8p1B2F1EgcMQRW,spotify:track:4Qwnjgav8p1B2F1EgcMQRW,https://api.spotify.com/v1/tracks/4Qwnjgav8p1B2F1EgcMQRW,https://api.spotify.com/v1/audio-analysis/4Qwnjgav8p1B2F1EgcMQRW,137822,4,Dark Trap,Tartarus,,
0.816,0.62,11,-7.804,1,0.51,0.255,1.09E-05,0.251,0.265,144.981,audio_features,73IDzojzHitmvwVovPG7V2,spotify:track:73IDzojzHitmvwVovPG7V2,https://api.spotify.com/v1/tracks/73IDzojzHitmvwVovPG7V2,https://api.spotify.com/v1/audio-analysis/73IDzojzHitmvwVovPG7V2,184733,3,Dark Trap,Until the Light Takes Us,,
0.713,0.839,4,-6.377,0,0.349,0.00417,0.706,0.106,0.0369,150.004,audio_features,0FP2R9giDksk3a1GUQLfOz,spotify:track:0FP2R9giDksk3a1GUQLfOz,https://api.spotify.com/v1/tracks/0FP2R9giDksk3a1GUQLfOz,https://api.spotify.com/v1/audio-analysis/0FP2R9giDksk3a1GUQLfOz,149230,4,Dark Trap,As Above so Look out Below,,
0.449,0.645,4,-4.784,0,0.0366,0.00956,0.00846,0.107,0.0589,219.692,audio_features,1PeIKwD4ifLR2jYWCsUgnX,spotify:track:1PeIKwD4ifLR2jYWCsUgnX,https://api.spotify.com/v1/tracks/1PeIKwD4ifLR2jYWCsUgnX,https://api.spotify.com/v1/audio-analysis/1PeIKwD4ifLR2jYWCsUgnX,207442,4,Dark Trap,Swan,,
0.923,0.94,9,-5.828,1,0.16,0.0204,9.67E-06,0.136,0.839,139.804,audio_features,0efgEM1LQDbK43rqPH2Iyd,spotify:track:0efgEM1LQDbK43rqPH2Iyd,https://api.spotify.com/v1/tracks/0efgEM1LQDbK43rqPH2Iyd,https://api.spotify.com/v1/audio-analysis/0efgEM1LQDbK43rqPH2Iyd,187260,4,Dark Trap,Sneak Diss (feat. So6ix),,
0.832,0.802,11,-4.039,0,0.22,0.343,0.00361,0.139,0.178,220.012,audio_features,3lTAwJ7GAsm6mFkRejOXIm,spotify:track:3lTAwJ7GAsm6mFkRejOXIm,https://api.spotify.com/v1/tracks/3lTAwJ7GAsm6mFkRejOXIm,https://api.spotify.com/v1/audio-analysis/3lTAwJ7GAsm6mFkRejOXIm,166798,4,Dark Trap,Plague Doctor Mask,,
0.569,0.712,1,-4.911,0,0.347,0.378,3.41E-05,0.144,0.0711,157.231,audio_features,2U03OmZKC7YIPkYBgJnJfA,spotify:track:2U03OmZKC7YIPkYBgJnJfA,https://api.spotify.com/v1/tracks/2U03OmZKC7YIPkYBgJnJfA,https://api.spotify.com/v1/audio-analysis/2U03OmZKC7YIPkYBgJnJfA,145451,1,Dark Trap,Some of Us May Never See the World,,
0.476,0.825,6,-3.941,1,0.0379,7.44E-05,6.51E-05,0.115,0.43,168.298,audio_features,3jnTBMdckWNzC7PJV96kQ1,spotify:track:3jnTBMdckWNzC7PJV96kQ1,https://api.spotify.com/v1/tracks/3jnTBMdckWNzC7PJV96kQ1,https://api.spotify.com/v1/audio-analysis/3jnTBMdckWNzC7PJV96kQ1,111491,3,Dark Trap,Filth,,
0.403,0.696,10,-5.956,0,0.236,0.00114,0.265,0.0722,0.0696,179.998,audio_features,164uPGiUKnYHwJOHcgfy1e,spotify:track:164uPGiUKnYHwJOHcgfy1e,https://api.spotify.com/v1/tracks/164uPGiUKnYHwJOHcgfy1e,https://api.spotify.com/v1/audio-analysis/164uPGiUKnYHwJOHcgfy1e,272562,4,Dark Trap,Homecoming,,
0.836,0.706,1,-4.065,1,0.0497,5.19E-05,0,0.0927,0.0374,120.045,audio_features,1j82fFDqVM2Sgb8tfMidBv,spotify:track:1j82fFDqVM2Sgb8tfMidBv,https://api.spotify.com/v1/tracks/1j82fFDqVM2Sgb8tfMidBv,https://api.spotify.com/v1/audio-analysis/1j82fFDqVM2Sgb8tfMidBv,76042,3,Dark Trap,Blood,,
0.818,0.709,11,-4.425,1,0.269,0.00511,0,0.259,0.452,120.058,audio_features,05ConZJSdJrCGeurdurJ7m,spotify:track:05ConZJSdJrCGeurdurJ7m,https://api.spotify.com/v1/tracks/05ConZJSdJrCGeurdurJ7m,https://api.spotify.com/v1/audio-analysis/05ConZJSdJrCGeurdurJ7m,136777,4,Dark Trap,Sweat,,
0.849,0.522,1,-5.514,1,0.151,0.0019,0,0.209,0.0582,119.975,audio_features,6dCuGVBOQmVNEbRIDEUHy0,spotify:track:6dCuGVBOQmVNEbRIDEUHy0,https://api.spotify.com/v1/tracks/6dCuGVBOQmVNEbRIDEUHy0,https://api.spotify.com/v1/audio-analysis/6dCuGVBOQmVNEbRIDEUHy0,138266,4,Dark Trap,Tears,,
0.703,0.536,11,-4.323,1,0.297,0.000883,0.0112,0.139,0.161,180.048,audio_features,0vWwLLUSleBmyBGmL5GbLv,spotify:track:0vWwLLUSleBmyBGmL5GbLv,https://api.spotify.com/v1/tracks/0vWwLLUSleBmyBGmL5GbLv,https://api.spotify.com/v1/audio-analysis/0vWwLLUSleBmyBGmL5GbLv,107050,4,Dark Trap,Anabolic,,
0.708,0.298,7,-16.427,1,0.0578,0.698,0.772,0.304,0.118,124.863,audio_features,2JUs4EVimq0ShpPeIgeokl,spotify:track:2JUs4EVimq0ShpPeIgeokl,https://api.spotify.com/v1/tracks/2JUs4EVimq0ShpPeIgeokl,https://api.spotify.com/v1/audio-analysis/2JUs4EVimq0ShpPeIgeokl,139375,4,Dark Trap,HDMI,,
0.852,0.721,3,-7.4,0,0.0751,0.354,0.000645,0.11,0.803,136.07,audio_features,1LpFxoC3TDeUSjU2qp3Iu1,spotify:track:1LpFxoC3TDeUSjU2qp3Iu1,https://api.spotify.com/v1/tracks/1LpFxoC3TDeUSjU2qp3Iu1,https://api.spotify.com/v1/audio-analysis/1LpFxoC3TDeUSjU2qp3Iu1,140187,4,Dark Trap,Dirt,,
0.694,0.514,1,-11.063,0,0.0449,0.0336,0.000164,0.115,0.136,120.011,audio_features,3MAfAtD9lKvugbWzaz21LS,spotify:track:3MAfAtD9lKvugbWzaz21LS,https://api.spotify.com/v1/tracks/3MAfAtD9lKvugbWzaz21LS,https://api.spotify.com/v1/audio-analysis/3MAfAtD9lKvugbWzaz21LS,142000,4,Dark Trap,Oxygen,,
0.595,0.333,6,-13.235,1,0.0416,0.474,0.0268,0.0998,0.105,124.993,audio_features,63biRmMYSLjClGv5arakyn,spotify:track:63biRmMYSLjClGv5arakyn,https://api.spotify.com/v1/tracks/63biRmMYSLjClGv5arakyn,https://api.spotify.com/v1/audio-analysis/63biRmMYSLjClGv5arakyn,123167,4,Dark Trap,Branches,,
0.721,0.803,7,-9.115,0,0.0822,0.557,4.51E-05,0.109,0.175,161.502,audio_features,5m5aCXvh8q8fBNcGzneWQt,spotify:track:5m5aCXvh8q8fBNcGzneWQt,https://api.spotify.com/v1/tracks/5m5aCXvh8q8fBNcGzneWQt,https://api.spotify.com/v1/audio-analysis/5m5aCXvh8q8fBNcGzneWQt,178167,4,Dark Trap,CtrlAltDelete,,
0.846,0.616,5,-7.82,1,0.0669,0.0129,0.00309,0.101,0.133,125.975,audio_features,6YhDanPMUpBxzIOB8jlgOG,spotify:track:6YhDanPMUpBxzIOB8jlgOG,https://api.spotify.com/v1/tracks/6YhDanPMUpBxzIOB8jlgOG,https://api.spotify.com/v1/audio-analysis/6YhDanPMUpBxzIOB8jlgOG,106250,4,Dark Trap,BlastZone (ЗонаПоражения),,
0.76,0.576,1,-8.238,1,0.0491,0.11,3.41E-06,0.194,0.184,218.082,audio_features,37fcOImXwKOFOUwKYud0W0,spotify:track:37fcOImXwKOFOUwKYud0W0,https://api.spotify.com/v1/tracks/37fcOImXwKOFOUwKYud0W0,https://api.spotify.com/v1/audio-analysis/37fcOImXwKOFOUwKYud0W0,140750,4,Dark Trap,CharacterSelect (ВыборПерсонажа),,
0.529,0.817,8,-10.039,0,0.0945,0.0198,3.98E-05,0.178,0.181,120.01,audio_features,12WAcEcT03Hkvdwb343fcU,spotify:track:12WAcEcT03Hkvdwb343fcU,https://api.spotify.com/v1/tracks/12WAcEcT03Hkvdwb343fcU,https://api.spotify.com/v1/audio-analysis/12WAcEcT03Hkvdwb343fcU,128261,4,Dark Trap,RestInPeace (Prod. by The Virus And Antidote),,
0.559,0.514,1,-8.78,1,0.0523,0.0203,0.000109,0.0982,0.0911,139.614,audio_features,4Ms7qEi3z5qNjpD41OWHhf,spotify:track:4Ms7qEi3z5qNjpD41OWHhf,https://api.spotify.com/v1/tracks/4Ms7qEi3z5qNjpD41OWHhf,https://api.spotify.com/v1/audio-analysis/4Ms7qEi3z5qNjpD41OWHhf,123500,3,Dark Trap,BlackMold,,
0.965,0.59,5,-8.639,0,0.0619,0.607,0,0.0917,0.462,129.004,audio_features,3sRfyb4OsHeKhN9yMmXdPz,spotify:track:3sRfyb4OsHeKhN9yMmXdPz,https://api.spotify.com/v1/tracks/3sRfyb4OsHeKhN9yMmXdPz,https://api.spotify.com/v1/audio-analysis/3sRfyb4OsHeKhN9yMmXdPz,144735,4,Dark Trap,Toxin,,
0.596,0.881,4,-4.566,0,0.269,0.00319,2.37E-06,0.0798,0.235,172.139,audio_features,6IBsaKAy1kDhsqDK9niOht,spotify:track:6IBsaKAy1kDhsqDK9niOht,https://api.spotify.com/v1/tracks/6IBsaKAy1kDhsqDK9niOht,https://api.spotify.com/v1/audio-analysis/6IBsaKAy1kDhsqDK9niOht,67030,4,Dark Trap,Electric,,
0.712,0.982,1,-2.386,1,0.289,0.0127,0,0.147,0.549,208.096,audio_features,0zltCbKuXQlZi0DHEli83W,spotify:track:0zltCbKuXQlZi0DHEli83W,https://api.spotify.com/v1/tracks/0zltCbKuXQlZi0DHEli83W,https://api.spotify.com/v1/audio-analysis/0zltCbKuXQlZi0DHEli83W,115383,4,Dark Trap,Cranium,,
0.697,0.873,4,-3.189,1,0.206,0.137,0,0.22,0.545,132.999,audio_features,4a9j7bIg4BT9J87pQT7b8j,spotify:track:4a9j7bIg4BT9J87pQT7b8j,https://api.spotify.com/v1/tracks/4a9j7bIg4BT9J87pQT7b8j,https://api.spotify.com/v1/audio-analysis/4a9j7bIg4BT9J87pQT7b8j,151667,4,Dark Trap,Friday,,
0.841,0.516,2,-12.32,1,0.28,0.0892,0,0.0781,0.26,120.007,audio_features,1RlZcBrZ2215I0RIS5ElT0,spotify:track:1RlZcBrZ2215I0RIS5ElT0,https://api.spotify.com/v1/tracks/1RlZcBrZ2215I0RIS5ElT0,https://api.spotify.com/v1/audio-analysis/1RlZcBrZ2215I0RIS5ElT0,152137,4,Dark Trap,Hooky,,
0.739,0.463,0,-5.451,0,0.293,0.00673,0,0.423,0.0457,200.092,audio_features,7EuMuKPHTUKw97m0KJHbtx,spotify:track:7EuMuKPHTUKw97m0KJHbtx,https://api.spotify.com/v1/tracks/7EuMuKPHTUKw97m0KJHbtx,https://api.spotify.com/v1/audio-analysis/7EuMuKPHTUKw97m0KJHbtx,175386,4,Dark Trap,Kalaxian Crystals,,
0.865,0.891,0,-5.618,0,0.265,0.0866,0,0.0842,0.671,200.074,audio_features,69m28mCqbgVcDI8GEkUzWw,spotify:track:69m28mCqbgVcDI8GEkUzWw,https://api.spotify.com/v1/tracks/69m28mCqbgVcDI8GEkUzWw,https://api.spotify.com/v1/audio-analysis/69m28mCqbgVcDI8GEkUzWw,125048,4,Dark Trap,Slurp,,
0.775,0.634,0,-7.535,1,0.105,0.176,1.78E-06,0.0628,0.521,200.064,audio_features,0yOvaZL3DVgvYjzYKfilSF,spotify:track:0yOvaZL3DVgvYjzYKfilSF,https://api.spotify.com/v1/tracks/0yOvaZL3DVgvYjzYKfilSF,https://api.spotify.com/v1/audio-analysis/0yOvaZL3DVgvYjzYKfilSF,184189,4,Dark Trap,BROKE ft. Prohibeo,,
0.739,0.498,0,-7.448,1,0.371,0.136,0,0.0939,0.231,139.867,audio_features,33wSeazReUjdpjlpG2O7gI,spotify:track:33wSeazReUjdpjlpG2O7gI,https://api.spotify.com/v1/tracks/33wSeazReUjdpjlpG2O7gI,https://api.spotify.com/v1/audio-analysis/33wSeazReUjdpjlpG2O7gI,164807,4,Dark Trap,Lies,,
0.725,0.578,10,-8.311,0,0.0864,0.0259,0.000117,0.387,0.0595,129.961,audio_features,6NGpZZYR8pzj7jo6oc2icJ,spotify:track:6NGpZZYR8pzj7jo6oc2icJ,https://api.spotify.com/v1/tracks/6NGpZZYR8pzj7jo6oc2icJ,https://api.spotify.com/v1/audio-analysis/6NGpZZYR8pzj7jo6oc2icJ,133068,4,Dark Trap,Terry McGinnis,,
0.63,0.876,10,-4.871,0,0.189,0.0166,0,0.223,0.256,210.134,audio_features,3YmPKPB5B6bfCZYgF0wmiq,spotify:track:3YmPKPB5B6bfCZYgF0wmiq,https://api.spotify.com/v1/tracks/3YmPKPB5B6bfCZYgF0wmiq,https://api.spotify.com/v1/audio-analysis/3YmPKPB5B6bfCZYgF0wmiq,150831,4,Dark Trap,Gremlin,,
0.704,0.838,11,-4.042,1,0.29,0.0854,0,0.102,0.348,119.866,audio_features,7l6Wb98Dnxb5n1ufADNHLa,spotify:track:7l6Wb98Dnxb5n1ufADNHLa,https://api.spotify.com/v1/tracks/7l6Wb98Dnxb5n1ufADNHLa,https://api.spotify.com/v1/audio-analysis/7l6Wb98Dnxb5n1ufADNHLa,218201,4,Dark Trap,Giant Squit,,
0.735,0.811,0,-3.735,1,0.0601,0.11,0.164,0.528,0.42,207.852,audio_features,1ojp0kfnXyRvr5cemuU0qD,spotify:track:1ojp0kfnXyRvr5cemuU0qD,https://api.spotify.com/v1/tracks/1ojp0kfnXyRvr5cemuU0qD,https://api.spotify.com/v1/audio-analysis/1ojp0kfnXyRvr5cemuU0qD,100807,4,Dark Trap,You Are Not Like Us,,
0.864,0.727,10,-5.996,1,0.1,0.0229,0,0.295,0.599,119.987,audio_features,01gihn8zKrwsafKnD3UGDz,spotify:track:01gihn8zKrwsafKnD3UGDz,https://api.spotify.com/v1/tracks/01gihn8zKrwsafKnD3UGDz,https://api.spotify.com/v1/audio-analysis/01gihn8zKrwsafKnD3UGDz,159242,4,Dark Trap,Arachnids,,
0.48,0.984,3,-0.726,1,0.264,0.0484,0,0.472,0.393,139.958,audio_features,5WY9OTNkgX1Sd1WluZL77F,spotify:track:5WY9OTNkgX1Sd1WluZL77F,https://api.spotify.com/v1/tracks/5WY9OTNkgX1Sd1WluZL77F,https://api.spotify.com/v1/audio-analysis/5WY9OTNkgX1Sd1WluZL77F,92918,4,Dark Trap,Give Ah Fuck,,
0.726,0.823,1,-4.666,1,0.115,0.00353,0,0.707,0.156,129.992,audio_features,6xPjbdiUqIqM3uD1B0JA1o,spotify:track:6xPjbdiUqIqM3uD1B0JA1o,https://api.spotify.com/v1/tracks/6xPjbdiUqIqM3uD1B0JA1o,https://api.spotify.com/v1/audio-analysis/6xPjbdiUqIqM3uD1B0JA1o,110793,4,Dark Trap,Death Wish,,
0.755,0.765,10,-7.256,0,0.288,0.0272,0,0.565,0.401,219.89,audio_features,5X5Kd4ULRLE5Rd7p8tmahp,spotify:track:5X5Kd4ULRLE5Rd7p8tmahp,https://api.spotify.com/v1/tracks/5X5Kd4ULRLE5Rd7p8tmahp,https://api.spotify.com/v1/audio-analysis/5X5Kd4ULRLE5Rd7p8tmahp,144018,4,Dark Trap,Allergies,,
0.881,0.445,1,-9.83,1,0.107,0.00209,0.0647,0.114,0.0379,124.972,audio_features,11eVByVk8tL0JSBFlvan5i,spotify:track:11eVByVk8tL0JSBFlvan5i,https://api.spotify.com/v1/tracks/11eVByVk8tL0JSBFlvan5i,https://api.spotify.com/v1/audio-analysis/11eVByVk8tL0JSBFlvan5i,138240,4,Dark Trap,Cut Throat,,
0.849,0.98,1,-0.964,1,0.0575,0.254,0.000787,0.551,0.295,219.988,audio_features,21cGO6AxAJJDTV7Po9ywZa,spotify:track:21cGO6AxAJJDTV7Po9ywZa,https://api.spotify.com/v1/tracks/21cGO6AxAJJDTV7Po9ywZa,https://api.spotify.com/v1/audio-analysis/21cGO6AxAJJDTV7Po9ywZa,122182,4,Dark Trap,Memoirs of a Gorilla,,
0.602,0.762,2,-6.149,0,0.0347,0.0498,0.00819,0.121,0.112,184.04,audio_features,1Xy9svIXQU6euAlGi7uutt,spotify:track:1Xy9svIXQU6euAlGi7uutt,https://api.spotify.com/v1/tracks/1Xy9svIXQU6euAlGi7uutt,https://api.spotify.com/v1/audio-analysis/1Xy9svIXQU6euAlGi7uutt,159987,4,Dark Trap,Benz Truck (гелик),,
0.924,0.543,7,-6.612,1,0.0854,0.432,7.32E-05,0.11,0.104,199.994,audio_features,7ksRhRXztNfSwm8W7uFq1f,spotify:track:7ksRhRXztNfSwm8W7uFq1f,https://api.spotify.com/v1/tracks/7ksRhRXztNfSwm8W7uFq1f,https://api.spotify.com/v1/audio-analysis/7ksRhRXztNfSwm8W7uFq1f,183159,4,Dark Trap,Norf Norf,,
0.919,0.493,1,-8.81,1,0.0613,0.14,1.62E-06,0.122,0.159,216.152,audio_features,6IkCht32pbDskKd8NWzWBF,spotify:track:6IkCht32pbDskKd8NWzWBF,https://api.spotify.com/v1/tracks/6IkCht32pbDskKd8NWzWBF,https://api.spotify.com/v1/audio-analysis/6IkCht32pbDskKd8NWzWBF,126768,4,Dark Trap,Dat $tick,,
0.848,0.663,8,-5.606,0,0.245,0.523,0,0.108,0.333,133.993,audio_features,6kl1qtQXQsFiIWRBK24Cfp,spotify:track:6kl1qtQXQsFiIWRBK24Cfp,https://api.spotify.com/v1/tracks/6kl1qtQXQsFiIWRBK24Cfp,https://api.spotify.com/v1/audio-analysis/6kl1qtQXQsFiIWRBK24Cfp,255413,4,Dark Trap,"RAF (feat. A$AP Rocky, Playboi Carti, Quavo, Lil Uzi Vert & Frank Ocean)",,
0.475,0.788,10,-4.851,0,0.342,0.231,0,0.128,0.26,206.056,audio_features,5Uj6Zy5QoGdEZob7xRUakV,spotify:track:5Uj6Zy5QoGdEZob7xRUakV,https://api.spotify.com/v1/tracks/5Uj6Zy5QoGdEZob7xRUakV,https://api.spotify.com/v1/audio-analysis/5Uj6Zy5QoGdEZob7xRUakV,237101,4,Dark Trap,Crazy,,
0.762,0.41,8,-11.979,1,0.0551,0.278,3.43E-05,0.157,0.0813,200.094,audio_features,6oBL8TdQHEO7jeEdqECg37,spotify:track:6oBL8TdQHEO7jeEdqECg37,https://api.spotify.com/v1/tracks/6oBL8TdQHEO7jeEdqECg37,https://api.spotify.com/v1/audio-analysis/6oBL8TdQHEO7jeEdqECg37,271404,4,Dark Trap,Still Cold / Pathway Private,,
0.789,0.623,6,-8.337,0,0.138,0.242,0,0.0835,0.678,203.982,audio_features,3RAMLlYnwk3CObaU4V4RBx,spotify:track:3RAMLlYnwk3CObaU4V4RBx,https://api.spotify.com/v1/tracks/3RAMLlYnwk3CObaU4V4RBx,https://api.spotify.com/v1/audio-analysis/3RAMLlYnwk3CObaU4V4RBx,151629,4,Dark Trap,The Chills,,
0.756,0.794,0,-4.539,1,0.208,0.0362,0,0.314,0.474,140.036,audio_features,7m1p5O2UOyQM14DVIZUwGx,spotify:track:7m1p5O2UOyQM14DVIZUwGx,https://api.spotify.com/v1/tracks/7m1p5O2UOyQM14DVIZUwGx,https://api.spotify.com/v1/audio-analysis/7m1p5O2UOyQM14DVIZUwGx,137195,4,Dark Trap,Slip on a Banana Clip,,
0.799,0.546,9,-6.081,1,0.323,0.185,3.19E-06,0.0836,0.736,150.008,audio_features,6lsxMdXKFAXZDPe8om1iOI,spotify:track:6lsxMdXKFAXZDPe8om1iOI,https://api.spotify.com/v1/tracks/6lsxMdXKFAXZDPe8om1iOI,https://api.spotify.com/v1/audio-analysis/6lsxMdXKFAXZDPe8om1iOI,182647,4,Dark Trap,Lights,,
0.931,0.273,5,-11.723,0,0.176,0.00946,0,0.137,0.0603,119.956,audio_features,0FmrNFYyLLRtIS7XWJPLLk,spotify:track:0FmrNFYyLLRtIS7XWJPLLk,https://api.spotify.com/v1/tracks/0FmrNFYyLLRtIS7XWJPLLk,https://api.spotify.com/v1/audio-analysis/0FmrNFYyLLRtIS7XWJPLLk,150100,4,Dark Trap,Akina Speed Star,,
0.898,0.547,3,-5.707,0,0.313,0.484,1.04E-05,0.37,0.763,200.02,audio_features,6eL1ncVDtQHgSm3E288TS7,spotify:track:6eL1ncVDtQHgSm3E288TS7,https://api.spotify.com/v1/tracks/6eL1ncVDtQHgSm3E288TS7,https://api.spotify.com/v1/audio-analysis/6eL1ncVDtQHgSm3E288TS7,198133,4,Dark Trap,Big Fish,,
0.835,0.559,5,-5.617,1,0.0327,0.00177,5.50E-05,0.116,0.267,133.052,audio_features,27H0ZfxRxOC97n72akzapS,spotify:track:27H0ZfxRxOC97n72akzapS,https://api.spotify.com/v1/tracks/27H0ZfxRxOC97n72akzapS,https://api.spotify.com/v1/audio-analysis/27H0ZfxRxOC97n72akzapS,144812,4,Dark Trap,The Bodies Fall Just Like the Leaves,,
0.716,0.745,1,-6.374,1,0.318,0.216,0,0.103,0.0971,208.054,audio_features,6jSvKhj9D9tXTgiyOHhYn8,spotify:track:6jSvKhj9D9tXTgiyOHhYn8,https://api.spotify.com/v1/tracks/6jSvKhj9D9tXTgiyOHhYn8,https://api.spotify.com/v1/audio-analysis/6jSvKhj9D9tXTgiyOHhYn8,168883,4,Dark Trap,Story: No Title,,
0.723,0.459,11,-10.259,1,0.239,0.00096,0,0.11,0.313,139.972,audio_features,3Bo3lNVQTtZYMCoItX8dKW,spotify:track:3Bo3lNVQTtZYMCoItX8dKW,https://api.spotify.com/v1/tracks/3Bo3lNVQTtZYMCoItX8dKW,https://api.spotify.com/v1/audio-analysis/3Bo3lNVQTtZYMCoItX8dKW,197143,4,Dark Trap,P.S Fuck You Cunt (feat. Lil Peep),,
0.849,0.736,9,-6.661,1,0.147,0.00493,0,0.0757,0.271,147.904,audio_features,40zwfL4MFqa3LN5Cauu70u,spotify:track:40zwfL4MFqa3LN5Cauu70u,https://api.spotify.com/v1/tracks/40zwfL4MFqa3LN5Cauu70u,https://api.spotify.com/v1/audio-analysis/40zwfL4MFqa3LN5Cauu70u,173479,4,Dark Trap,Torch,,
0.762,0.509,1,-7.354,1,0.0631,0.148,0,0.155,0.0671,120.054,audio_features,6fMIRwUAU2Zyb2IaMGiyAg,spotify:track:6fMIRwUAU2Zyb2IaMGiyAg,https://api.spotify.com/v1/tracks/6fMIRwUAU2Zyb2IaMGiyAg,https://api.spotify.com/v1/audio-analysis/6fMIRwUAU2Zyb2IaMGiyAg,175465,4,Dark Trap,"Buff Squad (feat. Pouya, Shakewell & Germ)",,
0.756,0.74,1,-4.531,1,0.0563,0.00834,0.171,0.646,0.308,123.049,audio_features,1uDtlAvSiXgktRJjA8LpWC,spotify:track:1uDtlAvSiXgktRJjA8LpWC,https://api.spotify.com/v1/tracks/1uDtlAvSiXgktRJjA8LpWC,https://api.spotify.com/v1/audio-analysis/1uDtlAvSiXgktRJjA8LpWC,171782,4,Dark Trap,Sarcophagus III (feat. $Uicideboy$),,
0.727,0.846,8,-3.555,1,0.194,0.0245,0,0.143,0.529,131.984,audio_features,2XT4tF5bnKqmxZi6rxN43d,spotify:track:2XT4tF5bnKqmxZi6rxN43d,https://api.spotify.com/v1/tracks/2XT4tF5bnKqmxZi6rxN43d,https://api.spotify.com/v1/audio-analysis/2XT4tF5bnKqmxZi6rxN43d,145568,4,Dark Trap,Virginia Tech,,
0.783,0.497,1,-7.652,1,0.0508,0.0716,0.6,0.124,0.0381,212.026,audio_features,177BasCdDuPYuv0E0Ujbqs,spotify:track:177BasCdDuPYuv0E0Ujbqs,https://api.spotify.com/v1/tracks/177BasCdDuPYuv0E0Ujbqs,https://api.spotify.com/v1/audio-analysis/177BasCdDuPYuv0E0Ujbqs,133748,4,Dark Trap,Lte,,
0.841,0.576,0,-7.593,0,0.125,0.289,0,0.105,0.278,192.008,audio_features,0AANzyXvGrG0buJ8bksZyt,spotify:track:0AANzyXvGrG0buJ8bksZyt,https://api.spotify.com/v1/tracks/0AANzyXvGrG0buJ8bksZyt,https://api.spotify.com/v1/audio-analysis/0AANzyXvGrG0buJ8bksZyt,150205,3,Dark Trap,Fuckthepopulation,,
0.685,0.402,0,-8.076,0,0.0734,0.208,0.0206,0.402,0.107,119.917,audio_features,2ww1CemCVpqs9sQXO9jfN2,spotify:track:2ww1CemCVpqs9sQXO9jfN2,https://api.spotify.com/v1/tracks/2ww1CemCVpqs9sQXO9jfN2,https://api.spotify.com/v1/audio-analysis/2ww1CemCVpqs9sQXO9jfN2,104230,4,Dark Trap,Gloss of Blood,,
0.556,0.449,7,-10.363,1,0.227,0.0807,0.0372,0.446,0.484,179.968,audio_features,4kBrbBGK0vLW1CihB20Qtq,spotify:track:4kBrbBGK0vLW1CihB20Qtq,https://api.spotify.com/v1/tracks/4kBrbBGK0vLW1CihB20Qtq,https://api.spotify.com/v1/audio-analysis/4kBrbBGK0vLW1CihB20Qtq,203960,4,Dark Trap,100K,,
0.625,0.45,9,-9.985,1,0.0311,0.0776,0.000217,0.117,0.0362,185.948,audio_features,7Cye3UbCA6UNuDykdCf3AB,spotify:track:7Cye3UbCA6UNuDykdCf3AB,https://api.spotify.com/v1/tracks/7Cye3UbCA6UNuDykdCf3AB,https://api.spotify.com/v1/audio-analysis/7Cye3UbCA6UNuDykdCf3AB,206472,3,Dark Trap,Dark Light,,
0.8,0.824,8,-5.159,1,0.0604,0.0128,0.000221,0.0527,0.462,150.023,audio_features,35su7ZktjYPHSIUSKlr7XD,spotify:track:35su7ZktjYPHSIUSKlr7XD,https://api.spotify.com/v1/tracks/35su7ZktjYPHSIUSKlr7XD,https://api.spotify.com/v1/audio-analysis/35su7ZktjYPHSIUSKlr7XD,128000,4,Dark Trap,"But Wait, There's More (feat. $uicideBoy$)",,
0.734,0.724,11,-5.648,1,0.267,0.0133,0,0.248,0.256,170.05,audio_features,4zoYSZrDb3EUPWlDi2OwAC,spotify:track:4zoYSZrDb3EUPWlDi2OwAC,https://api.spotify.com/v1/tracks/4zoYSZrDb3EUPWlDi2OwAC,https://api.spotify.com/v1/audio-analysis/4zoYSZrDb3EUPWlDi2OwAC,203294,4,Dark Trap,Great Influence,,
0.777,0.742,5,-8.223,1,0.289,0.165,0,0.0957,0.605,125,audio_features,44X2fcZQhyywsHTmvbS5zY,spotify:track:44X2fcZQhyywsHTmvbS5zY,https://api.spotify.com/v1/tracks/44X2fcZQhyywsHTmvbS5zY,https://api.spotify.com/v1/audio-analysis/44X2fcZQhyywsHTmvbS5zY,130638,4,Dark Trap,It Don't Matter,,
0.733,0.66,4,-6.87,0,0.0436,0.0219,0,0.151,0.259,138.034,audio_features,7yZBKFxnmoHLJFhAy2BBlo,spotify:track:7yZBKFxnmoHLJFhAy2BBlo,https://api.spotify.com/v1/tracks/7yZBKFxnmoHLJFhAy2BBlo,https://api.spotify.com/v1/audio-analysis/7yZBKFxnmoHLJFhAy2BBlo,227027,4,Dark Trap,absolute in doubt,,
0.803,0.789,10,-3.434,0,0.0383,0.0304,0,0.378,0.647,119.999,audio_features,4CHp6dRZTeFAu4bSOxfH7Y,spotify:track:4CHp6dRZTeFAu4bSOxfH7Y,https://api.spotify.com/v1/tracks/4CHp6dRZTeFAu4bSOxfH7Y,https://api.spotify.com/v1/audio-analysis/4CHp6dRZTeFAu4bSOxfH7Y,106021,4,Dark Trap,Boss,,
0.649,0.538,0,-9.793,0,0.0918,0.0483,0.401,0.0928,0.355,160.075,audio_features,46eK1kembooWblMi7M7yLM,spotify:track:46eK1kembooWblMi7M7yLM,https://api.spotify.com/v1/tracks/46eK1kembooWblMi7M7yLM,https://api.spotify.com/v1/audio-analysis/46eK1kembooWblMi7M7yLM,150000,4,Dark Trap,Look at Me Now,,
0.58,0.867,11,-4.031,0,0.165,0.0152,0.182,0.14,0.482,159.95,audio_features,4mx0eNjjZUyOzfY3I4P9HD,spotify:track:4mx0eNjjZUyOzfY3I4P9HD,https://api.spotify.com/v1/tracks/4mx0eNjjZUyOzfY3I4P9HD,https://api.spotify.com/v1/audio-analysis/4mx0eNjjZUyOzfY3I4P9HD,128109,4,Dark Trap,Bulletproof,,
0.801,0.679,4,-8.747,0,0.0527,0.17,8.85E-06,0.188,0.483,130.015,audio_features,6lt8N5nSY1EaiyeDRAIwcW,spotify:track:6lt8N5nSY1EaiyeDRAIwcW,https://api.spotify.com/v1/tracks/6lt8N5nSY1EaiyeDRAIwcW,https://api.spotify.com/v1/audio-analysis/6lt8N5nSY1EaiyeDRAIwcW,227115,4,Dark Trap,Contraband,,
0.677,0.655,7,-5.541,1,0.0433,0.0027,0.276,0.162,0.146,200.238,audio_features,3PcrNUFsSYnkJJNE6roBKl,spotify:track:3PcrNUFsSYnkJJNE6roBKl,https://api.spotify.com/v1/tracks/3PcrNUFsSYnkJJNE6roBKl,https://api.spotify.com/v1/audio-analysis/3PcrNUFsSYnkJJNE6roBKl,196827,4,Dark Trap,Deira City Centre,,
0.623,0.716,11,-7.449,0,0.207,0.22,2.54E-06,0.113,0.203,116.914,audio_features,2djY65hifu2a4R2WqcXqKL,spotify:track:2djY65hifu2a4R2WqcXqKL,https://api.spotify.com/v1/tracks/2djY65hifu2a4R2WqcXqKL,https://api.spotify.com/v1/audio-analysis/2djY65hifu2a4R2WqcXqKL,270000,4,Dark Trap,Kyoto,,
0.797,0.542,9,-7.324,1,0.346,0.018,0,0.0838,0.313,155.862,audio_features,2KSFen8RLeGFqBQ8Dfx1gU,spotify:track:2KSFen8RLeGFqBQ8Dfx1gU,https://api.spotify.com/v1/tracks/2KSFen8RLeGFqBQ8Dfx1gU,https://api.spotify.com/v1/audio-analysis/2KSFen8RLeGFqBQ8Dfx1gU,110769,4,Dark Trap,Pull Out Game,,
0.85,0.542,0,-6.923,1,0.231,0.53,0,0.0774,0.595,120.037,audio_features,3f9xcqxIGsm85RFjGEG2W9,spotify:track:3f9xcqxIGsm85RFjGEG2W9,https://api.spotify.com/v1/tracks/3f9xcqxIGsm85RFjGEG2W9,https://api.spotify.com/v1/audio-analysis/3f9xcqxIGsm85RFjGEG2W9,238853,4,Dark Trap,Bird Is The Word,,
0.743,0.411,2,-7.343,1,0.376,0.254,0,0.292,0.339,119.693,audio_features,7t2eWdGWBTAxaXxaGqq9ts,spotify:track:7t2eWdGWBTAxaXxaGqq9ts,https://api.spotify.com/v1/tracks/7t2eWdGWBTAxaXxaGqq9ts,https://api.spotify.com/v1/audio-analysis/7t2eWdGWBTAxaXxaGqq9ts,140657,4,Dark Trap,Life Is Short,,
0.876,0.759,11,-1.889,1,0.0513,0.0224,0.000675,0.475,0.271,113.996,audio_features,1hXn4XPjJ40toZWl2bWYZu,spotify:track:1hXn4XPjJ40toZWl2bWYZu,https://api.spotify.com/v1/tracks/1hXn4XPjJ40toZWl2bWYZu,https://api.spotify.com/v1/audio-analysis/1hXn4XPjJ40toZWl2bWYZu,168490,4,Dark Trap,Here We Go Again,,
0.665,0.827,1,-5.597,1,0.147,0.13,0,0.351,0.12,143.026,audio_features,4DgImhJ5lY30bQdY6zVsb4,spotify:track:4DgImhJ5lY30bQdY6zVsb4,https://api.spotify.com/v1/tracks/4DgImhJ5lY30bQdY6zVsb4,https://api.spotify.com/v1/audio-analysis/4DgImhJ5lY30bQdY6zVsb4,201399,4,Dark Trap,Bloodshed,,
0.81,0.585,9,-7.037,0,0.288,0.248,0.0115,0.0959,0.281,139.968,audio_features,4zIMuGSdbGTahvHB7CloVR,spotify:track:4zIMuGSdbGTahvHB7CloVR,https://api.spotify.com/v1/tracks/4zIMuGSdbGTahvHB7CloVR,https://api.spotify.com/v1/audio-analysis/4zIMuGSdbGTahvHB7CloVR,137107,4,Dark Trap,Wassup Bro!,,
0.618,0.743,1,-4.458,1,0.234,0.0191,0.0232,0.452,0.249,120.16,audio_features,1rr9KQgLpdA8gN307EufaA,spotify:track:1rr9KQgLpdA8gN307EufaA,https://api.spotify.com/v1/tracks/1rr9KQgLpdA8gN307EufaA,https://api.spotify.com/v1/audio-analysis/1rr9KQgLpdA8gN307EufaA,151690,4,Dark Trap,ACT 2 - BirthOfTheSpaceGod,,
0.622,0.859,9,-1.541,1,0.213,0.0342,0,0.0797,0.296,173.994,audio_features,0NeiQDX41fUCbSVkek4qBQ,spotify:track:0NeiQDX41fUCbSVkek4qBQ,https://api.spotify.com/v1/tracks/0NeiQDX41fUCbSVkek4qBQ,https://api.spotify.com/v1/audio-analysis/0NeiQDX41fUCbSVkek4qBQ,115862,4,Dark Trap,Grey Tee,,
0.674,0.646,0,-9.423,1,0.4,0.117,0,0.104,0.222,160.028,audio_features,2os38o5E7NoO4B2cx42h5V,spotify:track:2os38o5E7NoO4B2cx42h5V,https://api.spotify.com/v1/tracks/2os38o5E7NoO4B2cx42h5V,https://api.spotify.com/v1/audio-analysis/2os38o5E7NoO4B2cx42h5V,123000,4,Dark Trap,Sleeping Bag,,
0.628,0.53,10,-9.663,0,0.0855,0.0608,0,0.0642,0.203,190.012,audio_features,4rLltALU0JVawcOAA88bnQ,spotify:track:4rLltALU0JVawcOAA88bnQ,https://api.spotify.com/v1/tracks/4rLltALU0JVawcOAA88bnQ,https://api.spotify.com/v1/audio-analysis/4rLltALU0JVawcOAA88bnQ,162000,4,Dark Trap,Afterlife,,
0.877,0.655,1,-5.3,1,0.0769,0.00181,0,0.0948,0.119,127.947,audio_features,0cITCVs87JVapD98fVnj7X,spotify:track:0cITCVs87JVapD98fVnj7X,https://api.spotify.com/v1/tracks/0cITCVs87JVapD98fVnj7X,https://api.spotify.com/v1/audio-analysis/0cITCVs87JVapD98fVnj7X,120059,3,Dark Trap,King Cobra (Drippin'),,
0.585,0.895,11,-3.663,0,0.136,0.0505,0.00423,0.32,0.181,119.904,audio_features,7Cq27Qc3WRyQ3ddwVslpVZ,spotify:track:7Cq27Qc3WRyQ3ddwVslpVZ,https://api.spotify.com/v1/tracks/7Cq27Qc3WRyQ3ddwVslpVZ,https://api.spotify.com/v1/audio-analysis/7Cq27Qc3WRyQ3ddwVslpVZ,193567,4,Dark Trap,Heart Attack,,
0.717,0.925,0,-4.246,1,0.311,0.244,0,0.287,0.412,137.989,audio_features,3STThGLjuFSaoseZvWupmx,spotify:track:3STThGLjuFSaoseZvWupmx,https://api.spotify.com/v1/tracks/3STThGLjuFSaoseZvWupmx,https://api.spotify.com/v1/audio-analysis/3STThGLjuFSaoseZvWupmx,212245,4,Dark Trap,Chain$Aw,,
0.714,0.853,5,-4.9,0,0.304,0.205,0,0.116,0.178,204.068,audio_features,3IIArPxV2jUXk2zTKbzCVx,spotify:track:3IIArPxV2jUXk2zTKbzCVx,https://api.spotify.com/v1/tracks/3IIArPxV2jUXk2zTKbzCVx,https://api.spotify.com/v1/audio-analysis/3IIArPxV2jUXk2zTKbzCVx,220656,4,Dark Trap,"King, Scar.",,
0.473,0.772,10,-6.332,0,0.317,0.0212,0,0.399,0.303,130.32,audio_features,44AH8XwgrebHvQAZJbSrsV,spotify:track:44AH8XwgrebHvQAZJbSrsV,https://api.spotify.com/v1/tracks/44AH8XwgrebHvQAZJbSrsV,https://api.spotify.com/v1/audio-analysis/44AH8XwgrebHvQAZJbSrsV,307905,4,Dark Trap,P.T.S.D,,
0.767,0.637,3,-7.859,1,0.442,0.0673,0,0.105,0.536,160.123,audio_features,3whnCBcKgmEstjzv3Kxruh,spotify:track:3whnCBcKgmEstjzv3Kxruh,https://api.spotify.com/v1/tracks/3whnCBcKgmEstjzv3Kxruh,https://api.spotify.com/v1/audio-analysis/3whnCBcKgmEstjzv3Kxruh,136500,4,Dark Trap,Brand New,,
0.719,0.704,1,-5.23,1,0.093,0.138,0,0.0753,0.0808,113.007,audio_features,0Z9sJ77J6qKd2HYv32ynUS,spotify:track:0Z9sJ77J6qKd2HYv32ynUS,https://api.spotify.com/v1/tracks/0Z9sJ77J6qKd2HYv32ynUS,https://api.spotify.com/v1/audio-analysis/0Z9sJ77J6qKd2HYv32ynUS,297273,4,Dark Trap,Jukai,,
0.85,0.458,1,-6.623,1,0.206,0.00487,0,0.122,0.419,141.997,audio_features,25EQ1EYpBTC26cRRoiLsTf,spotify:track:25EQ1EYpBTC26cRRoiLsTf,https://api.spotify.com/v1/tracks/25EQ1EYpBTC26cRRoiLsTf,https://api.spotify.com/v1/audio-analysis/25EQ1EYpBTC26cRRoiLsTf,180454,4,Dark Trap,Philosopher's Throne,,
0.672,0.574,9,-4.663,1,0.0993,0.0303,2.02E-06,0.18,0.106,206.038,audio_features,2wf9bp4MkChojtljddWpbO,spotify:track:2wf9bp4MkChojtljddWpbO,https://api.spotify.com/v1/tracks/2wf9bp4MkChojtljddWpbO,https://api.spotify.com/v1/audio-analysis/2wf9bp4MkChojtljddWpbO,246773,4,Dark Trap,PRBLMS,,
0.758,0.716,1,-6.621,1,0.346,0.607,9.52E-05,0.0653,0.565,189.872,audio_features,5GxLshYIBBgkrW4a9aUVn0,spotify:track:5GxLshYIBBgkrW4a9aUVn0,https://api.spotify.com/v1/tracks/5GxLshYIBBgkrW4a9aUVn0,https://api.spotify.com/v1/audio-analysis/5GxLshYIBBgkrW4a9aUVn0,152999,4,Dark Trap,Back At It,,
0.76,0.774,9,-6.593,1,0.172,0.00972,0.000701,0.199,0.493,148,audio_features,6Ikh2kZIzZ2GEKpZfrV3D3,spotify:track:6Ikh2kZIzZ2GEKpZfrV3D3,https://api.spotify.com/v1/tracks/6Ikh2kZIzZ2GEKpZfrV3D3,https://api.spotify.com/v1/audio-analysis/6Ikh2kZIzZ2GEKpZfrV3D3,191897,4,Dark Trap,Fuck a Hoe (feat. $Uicideboy$),,
0.508,0.417,10,-8.699,0,0.0335,0.0231,0.00207,0.128,0.337,193.92,audio_features,1mWYAMktr6Ggh9paVLyc69,spotify:track:1mWYAMktr6Ggh9paVLyc69,https://api.spotify.com/v1/tracks/1mWYAMktr6Ggh9paVLyc69,https://api.spotify.com/v1/audio-analysis/1mWYAMktr6Ggh9paVLyc69,126380,4,Dark Trap,Broken,,
0.869,0.572,1,-9.086,1,0.55,0.0493,0,0.103,0.658,152.11,audio_features,6AK1RhuJ2zNxPO15SGtRsf,spotify:track:6AK1RhuJ2zNxPO15SGtRsf,https://api.spotify.com/v1/tracks/6AK1RhuJ2zNxPO15SGtRsf,https://api.spotify.com/v1/audio-analysis/6AK1RhuJ2zNxPO15SGtRsf,114495,4,Dark Trap,3 Xans,,
0.985,0.525,7,-10.637,1,0.185,0.0631,0,0.116,0.425,120.011,audio_features,6Y80EzVMJjFp9Yxy50SN7D,spotify:track:6Y80EzVMJjFp9Yxy50SN7D,https://api.spotify.com/v1/tracks/6Y80EzVMJjFp9Yxy50SN7D,https://api.spotify.com/v1/audio-analysis/6Y80EzVMJjFp9Yxy50SN7D,89234,4,Dark Trap,LoyaltyRunsDeepInDaLongRun,,
0.738,0.712,10,-6.273,0,0.0897,0.0226,0,0.0773,0.358,149.005,audio_features,0UzDPAMBI8miCHsYoqRb7g,spotify:track:0UzDPAMBI8miCHsYoqRb7g,https://api.spotify.com/v1/tracks/0UzDPAMBI8miCHsYoqRb7g,https://api.spotify.com/v1/audio-analysis/0UzDPAMBI8miCHsYoqRb7g,161493,4,Dark Trap,Skywalker,,
0.675,0.574,6,-8.066,1,0.0559,0.0121,1.11E-05,0.108,0.482,135.037,audio_features,3Q241k92c1I5sqKbdw6Ujb,spotify:track:3Q241k92c1I5sqKbdw6Ujb,https://api.spotify.com/v1/tracks/3Q241k92c1I5sqKbdw6Ujb,https://api.spotify.com/v1/audio-analysis/3Q241k92c1I5sqKbdw6Ujb,155693,4,Dark Trap,White Wine,,
0.876,0.726,8,-7.573,0,0.101,0.0489,4.02E-05,0.366,0.775,112.002,audio_features,0Tts40MjmgraglRVSaggue,spotify:track:0Tts40MjmgraglRVSaggue,https://api.spotify.com/v1/tracks/0Tts40MjmgraglRVSaggue,https://api.spotify.com/v1/audio-analysis/0Tts40MjmgraglRVSaggue,211331,4,Dark Trap,Smoke Break,,
0.725,0.554,1,-10.66,1,0.0858,0.163,4.03E-06,0.489,0.231,120.08,audio_features,5O7aJIOY5BWvpCkQo23092,spotify:track:5O7aJIOY5BWvpCkQo23092,https://api.spotify.com/v1/tracks/5O7aJIOY5BWvpCkQo23092,https://api.spotify.com/v1/audio-analysis/5O7aJIOY5BWvpCkQo23092,233932,4,Dark Trap,Louis V,,
0.89,0.422,7,-7.894,0,0.113,0.235,0,0.0925,0.374,129.998,audio_features,4MrtFJI2CDTRJs9FXpBdGo,spotify:track:4MrtFJI2CDTRJs9FXpBdGo,https://api.spotify.com/v1/tracks/4MrtFJI2CDTRJs9FXpBdGo,https://api.spotify.com/v1/audio-analysis/4MrtFJI2CDTRJs9FXpBdGo,135361,4,Dark Trap,Fuck A Swisher,,
0.849,0.413,0,-9.274,0,0.346,0.00286,8.58E-05,0.106,0.458,170.096,audio_features,3DzuPzpdZtn3oFVZ9gcy0M,spotify:track:3DzuPzpdZtn3oFVZ9gcy0M,https://api.spotify.com/v1/tracks/3DzuPzpdZtn3oFVZ9gcy0M,https://api.spotify.com/v1/audio-analysis/3DzuPzpdZtn3oFVZ9gcy0M,98655,4,Dark Trap,RampartRange,,
0.695,0.686,9,-8.147,0,0.0478,0.000424,0.0023,0.365,0.354,210.438,audio_features,6r7ULK6c5CLVvImjTIztl1,spotify:track:6r7ULK6c5CLVvImjTIztl1,https://api.spotify.com/v1/tracks/6r7ULK6c5CLVvImjTIztl1,https://api.spotify.com/v1/audio-analysis/6r7ULK6c5CLVvImjTIztl1,93447,4,Dark Trap,Floor 555,,
0.876,0.519,11,-6.531,1,0.143,0.202,0,0.108,0.158,189.962,audio_features,6mAz8D1TmlTuef90dbNIiZ,spotify:track:6mAz8D1TmlTuef90dbNIiZ,https://api.spotify.com/v1/tracks/6mAz8D1TmlTuef90dbNIiZ,https://api.spotify.com/v1/audio-analysis/6mAz8D1TmlTuef90dbNIiZ,175230,4,Dark Trap,Plug Walk,,
0.463,0.632,7,-9.577,1,0.0525,0.393,0,0.127,0.0894,163.71,audio_features,6fxWseQSRKOF2nfkGbaJWO,spotify:track:6fxWseQSRKOF2nfkGbaJWO,https://api.spotify.com/v1/tracks/6fxWseQSRKOF2nfkGbaJWO,https://api.spotify.com/v1/audio-analysis/6fxWseQSRKOF2nfkGbaJWO,100260,4,Dark Trap,Haunt U,,
0.709,0.362,11,-13.556,1,0.249,0.165,0.000132,0.107,0.455,146.023,audio_features,694J4C7mBU2dWxQBphFslt,spotify:track:694J4C7mBU2dWxQBphFslt,https://api.spotify.com/v1/tracks/694J4C7mBU2dWxQBphFslt,https://api.spotify.com/v1/audio-analysis/694J4C7mBU2dWxQBphFslt,187681,4,Dark Trap,Buttcheeks,,
0.771,0.566,1,-5.607,1,0.264,0.0939,1.07E-05,0.109,0.232,146.098,audio_features,0kVivrCfN1ffLCno8z2TAJ,spotify:track:0kVivrCfN1ffLCno8z2TAJ,https://api.spotify.com/v1/tracks/0kVivrCfN1ffLCno8z2TAJ,https://api.spotify.com/v1/audio-analysis/0kVivrCfN1ffLCno8z2TAJ,134795,4,Dark Trap,Back off Me,,
0.136,0.821,3,-5.454,1,0.16,0.0965,0.0291,0.325,0.0362,192.94,audio_features,4uVrs1SNb31FknIkIOTF9t,spotify:track:4uVrs1SNb31FknIkIOTF9t,https://api.spotify.com/v1/tracks/4uVrs1SNb31FknIkIOTF9t,https://api.spotify.com/v1/audio-analysis/4uVrs1SNb31FknIkIOTF9t,101983,3,Dark Trap,Intro.Desolation,,
0.476,0.495,7,-6.095,1,0.0242,3.28E-05,0.915,0.506,0.114,180,audio_features,11NHApIN2R0DZJDypPYeFJ,spotify:track:11NHApIN2R0DZJDypPYeFJ,https://api.spotify.com/v1/tracks/11NHApIN2R0DZJDypPYeFJ,https://api.spotify.com/v1/audio-analysis/11NHApIN2R0DZJDypPYeFJ,137231,4,Dark Trap,The Singularity,,
0.499,0.893,5,-5.803,1,0.14,0.0731,1.03E-06,0.0907,0.108,115.044,audio_features,2jUav7K1nwfKyVosT94ACA,spotify:track:2jUav7K1nwfKyVosT94ACA,https://api.spotify.com/v1/tracks/2jUav7K1nwfKyVosT94ACA,https://api.spotify.com/v1/audio-analysis/2jUav7K1nwfKyVosT94ACA,162261,4,Dark Trap,D(R)Ead,,
0.851,0.634,11,-8.672,0,0.196,0.26,0.882,0.0766,0.0399,135.017,audio_features,67lnnsYIuwF3cFmweH0DgS,spotify:track:67lnnsYIuwF3cFmweH0DgS,https://api.spotify.com/v1/tracks/67lnnsYIuwF3cFmweH0DgS,https://api.spotify.com/v1/audio-analysis/67lnnsYIuwF3cFmweH0DgS,162614,4,Dark Trap,Trench Coat,,
0.241,0.928,10,-2.018,1,0.0543,3.26E-05,0,0.612,0.403,120.229,audio_features,0l2wHmelVoDebG5b3guSp6,spotify:track:0l2wHmelVoDebG5b3guSp6,https://api.spotify.com/v1/tracks/0l2wHmelVoDebG5b3guSp6,https://api.spotify.com/v1/audio-analysis/0l2wHmelVoDebG5b3guSp6,107822,5,Dark Trap,"I've Seen Satan, He Has Dreadlocks",,
0.622,0.635,0,-6.501,0,0.0418,0.651,7.88E-06,0.119,0.602,119.922,audio_features,263xCtrMwyZsXxYcibwNEk,spotify:track:263xCtrMwyZsXxYcibwNEk,https://api.spotify.com/v1/tracks/263xCtrMwyZsXxYcibwNEk,https://api.spotify.com/v1/audio-analysis/263xCtrMwyZsXxYcibwNEk,150017,4,Dark Trap,Your Desire,,
0.745,0.703,7,-10.077,1,0.149,0.0345,2.54E-06,0.095,0.402,144.933,audio_features,1T6ahdAqK73fZ7UaN8lLMQ,spotify:track:1T6ahdAqK73fZ7UaN8lLMQ,https://api.spotify.com/v1/tracks/1T6ahdAqK73fZ7UaN8lLMQ,https://api.spotify.com/v1/audio-analysis/1T6ahdAqK73fZ7UaN8lLMQ,92690,4,Dark Trap,Byberry,,
0.855,0.659,2,-5.867,1,0.092,0.0773,0,0.0957,0.736,119.989,audio_features,15IO0wZKmtlASLBVAv2DbA,spotify:track:15IO0wZKmtlASLBVAv2DbA,https://api.spotify.com/v1/tracks/15IO0wZKmtlASLBVAv2DbA,https://api.spotify.com/v1/audio-analysis/15IO0wZKmtlASLBVAv2DbA,152000,4,Dark Trap,Benadrylled,,
0.549,0.44,4,-12.024,0,0.472,0.632,0.000779,0.0909,0.132,218.41,audio_features,5bjvEzg9fG68IRMSrkVSot,spotify:track:5bjvEzg9fG68IRMSrkVSot,https://api.spotify.com/v1/tracks/5bjvEzg9fG68IRMSrkVSot,https://api.spotify.com/v1/audio-analysis/5bjvEzg9fG68IRMSrkVSot,300831,4,Dark Trap,Dream Journal,,
0.702,0.567,11,-10.223,0,0.197,0.604,3.30E-05,0.359,0.195,120.081,audio_features,6aksxALGxEL6kOOvITALIm,spotify:track:6aksxALGxEL6kOOvITALIm,https://api.spotify.com/v1/tracks/6aksxALGxEL6kOOvITALIm,https://api.spotify.com/v1/audio-analysis/6aksxALGxEL6kOOvITALIm,195713,4,Dark Trap,Hannah Baker,,
0.53,0.732,1,-5.921,1,0.235,0.0608,7.35E-05,0.073,0.458,132.022,audio_features,5LuB8k1xvs3cWKTgg7fM6l,spotify:track:5LuB8k1xvs3cWKTgg7fM6l,https://api.spotify.com/v1/tracks/5LuB8k1xvs3cWKTgg7fM6l,https://api.spotify.com/v1/audio-analysis/5LuB8k1xvs3cWKTgg7fM6l,178182,4,Dark Trap,20k,,
0.726,0.549,7,-7.115,1,0.0925,0.00587,3.62E-05,0.345,0.0855,138.038,audio_features,34eGYn0anbn2aEgdos5IBY,spotify:track:34eGYn0anbn2aEgdos5IBY,https://api.spotify.com/v1/tracks/34eGYn0anbn2aEgdos5IBY,https://api.spotify.com/v1/audio-analysis/34eGYn0anbn2aEgdos5IBY,159468,4,Dark Trap,Whatever,,
0.708,0.423,2,-7.583,1,0.0555,0.0156,0.000113,0.136,0.0712,124.989,audio_features,5R2pG7PUaEelpscZrA814W,spotify:track:5R2pG7PUaEelpscZrA814W,https://api.spotify.com/v1/tracks/5R2pG7PUaEelpscZrA814W,https://api.spotify.com/v1/audio-analysis/5R2pG7PUaEelpscZrA814W,144960,4,Dark Trap,Nightstalker,,
0.66,0.604,0,-7,1,0.421,0.247,0.000128,0.196,0.435,155.196,audio_features,5XGeOySEuf66LxJoVqzfeW,spotify:track:5XGeOySEuf66LxJoVqzfeW,https://api.spotify.com/v1/tracks/5XGeOySEuf66LxJoVqzfeW,https://api.spotify.com/v1/audio-analysis/5XGeOySEuf66LxJoVqzfeW,114177,4,Dark Trap,Headfuck,,
0.447,0.652,1,-3.729,1,0.0315,0.0432,0.00371,0.184,0.0367,117.009,audio_features,16We63cC503m1TMVeZlrvL,spotify:track:16We63cC503m1TMVeZlrvL,https://api.spotify.com/v1/tracks/16We63cC503m1TMVeZlrvL,https://api.spotify.com/v1/audio-analysis/16We63cC503m1TMVeZlrvL,161178,3,Dark Trap,sleep at night,,
0.278,0.47,2,-15.062,1,0.0456,8.60E-05,0.00235,0.148,0.0775,137.961,audio_features,0xWggLjkf1hLZB5cZP874Q,spotify:track:0xWggLjkf1hLZB5cZP874Q,https://api.spotify.com/v1/tracks/0xWggLjkf1hLZB5cZP874Q,https://api.spotify.com/v1/audio-analysis/0xWggLjkf1hLZB5cZP874Q,202286,5,Dark Trap,Pulling Teeth,,
0.321,0.949,0,-7.297,0,0.555,0.00334,0.217,0.579,0.196,154.996,audio_features,4OcxBd349UIgErVz81V2TY,spotify:track:4OcxBd349UIgErVz81V2TY,https://api.spotify.com/v1/tracks/4OcxBd349UIgErVz81V2TY,https://api.spotify.com/v1/audio-analysis/4OcxBd349UIgErVz81V2TY,174587,4,Dark Trap,AI,,
0.542,0.923,9,-5.924,1,0.306,0.00334,0.505,0.397,0.321,149.883,audio_features,4BkM0A2FwgLB8Av8fKLMzg,spotify:track:4BkM0A2FwgLB8Av8fKLMzg,https://api.spotify.com/v1/tracks/4BkM0A2FwgLB8Av8fKLMzg,https://api.spotify.com/v1/audio-analysis/4BkM0A2FwgLB8Av8fKLMzg,113333,4,Dark Trap,Lazaretto,,
0.688,0.658,1,-4.155,1,0.0695,0.105,1.89E-06,0.335,0.28,151.23,audio_features,7pas6O1LYbaeChEFQBhPFU,spotify:track:7pas6O1LYbaeChEFQBhPFU,https://api.spotify.com/v1/tracks/7pas6O1LYbaeChEFQBhPFU,https://api.spotify.com/v1/audio-analysis/7pas6O1LYbaeChEFQBhPFU,226397,4,Dark Trap,coordinate,,
0.953,0.38,8,-4.941,1,0.261,0.00957,0,0.127,0.128,133.941,audio_features,4HfaOznGhHYWqPtpLYz2PB,spotify:track:4HfaOznGhHYWqPtpLYz2PB,https://api.spotify.com/v1/tracks/4HfaOznGhHYWqPtpLYz2PB,https://api.spotify.com/v1/audio-analysis/4HfaOznGhHYWqPtpLYz2PB,116847,4,Dark Trap,Rocket Ship,,
0.881,0.742,0,-3.736,1,0.0535,0.14,2.49E-06,0.156,0.432,116.997,audio_features,0mnVrUP1TAoO223C0N2NYI,spotify:track:0mnVrUP1TAoO223C0N2NYI,https://api.spotify.com/v1/tracks/0mnVrUP1TAoO223C0N2NYI,https://api.spotify.com/v1/audio-analysis/0mnVrUP1TAoO223C0N2NYI,184782,4,Dark Trap,Trap (feat. Lil Baby),,
0.897,0.662,1,-6.903,0,0.292,0.0852,0,0.534,0.389,112.511,audio_features,78QR3Wp35dqAhFEc2qAGjE,spotify:track:78QR3Wp35dqAhFEc2qAGjE,https://api.spotify.com/v1/tracks/78QR3Wp35dqAhFEc2qAGjE,https://api.spotify.com/v1/audio-analysis/78QR3Wp35dqAhFEc2qAGjE,145543,4,Dark Trap,Drip Too Hard (Lil Baby & Gunna),,
0.705,0.619,1,-5.862,1,0.085,0.143,0,0.176,0.465,146.027,audio_features,4mIXmsA9lwT7sk8rkrnEFE,spotify:track:4mIXmsA9lwT7sk8rkrnEFE,https://api.spotify.com/v1/tracks/4mIXmsA9lwT7sk8rkrnEFE,https://api.spotify.com/v1/audio-analysis/4mIXmsA9lwT7sk8rkrnEFE,237240,4,Dark Trap,Snow Globe (feat. NAV) - Remix,,
0.782,0.449,11,-10.708,0,0.364,0.268,4.11E-05,0.111,0.34,116.056,audio_features,5J7oY1Dn3fME9mUEsZtGvd,spotify:track:5J7oY1Dn3fME9mUEsZtGvd,https://api.spotify.com/v1/tracks/5J7oY1Dn3fME9mUEsZtGvd,https://api.spotify.com/v1/audio-analysis/5J7oY1Dn3fME9mUEsZtGvd,120000,4,Dark Trap,1000,,
0.643,0.82,11,-6.281,1,0.174,0.186,9.47E-06,0.101,0.266,153.102,audio_features,6Shhh5DVoTBp9KWV1hsba2,spotify:track:6Shhh5DVoTBp9KWV1hsba2,https://api.spotify.com/v1/tracks/6Shhh5DVoTBp9KWV1hsba2,https://api.spotify.com/v1/audio-analysis/6Shhh5DVoTBp9KWV1hsba2,163149,4,Dark Trap,Henny,,
0.73,0.581,6,-5.833,0,0.0828,0.0295,1.30E-05,0.106,0.359,137.98,audio_features,2ZN1EnypRwsD38EoFRwmu9,spotify:track:2ZN1EnypRwsD38EoFRwmu9,https://api.spotify.com/v1/tracks/2ZN1EnypRwsD38EoFRwmu9,https://api.spotify.com/v1/audio-analysis/2ZN1EnypRwsD38EoFRwmu9,180867,4,Dark Trap,Droptop in the Rain (feat. Tory Lanez),,
0.648,0.543,4,-9.082,0,0.213,0.126,0,0.101,0.192,159.927,audio_features,65xzgxTCk4JcmhcHXtt7oL,spotify:track:65xzgxTCk4JcmhcHXtt7oL,https://api.spotify.com/v1/tracks/65xzgxTCk4JcmhcHXtt7oL,https://api.spotify.com/v1/audio-analysis/65xzgxTCk4JcmhcHXtt7oL,216008,4,Dark Trap,Flexin,,
0.481,0.604,5,-6.299,0,0.377,0.149,0,0.162,0.257,160.078,audio_features,3x5F5wMcutQ4Fluez44tZm,spotify:track:3x5F5wMcutQ4Fluez44tZm,https://api.spotify.com/v1/tracks/3x5F5wMcutQ4Fluez44tZm,https://api.spotify.com/v1/audio-analysis/3x5F5wMcutQ4Fluez44tZm,182959,4,Dark Trap,HOOD,,
0.738,0.581,3,-6.776,0,0.217,0.28,0,0.101,0.635,157.967,audio_features,1CJzOLz3J4zhXSj3MFOmD5,spotify:track:1CJzOLz3J4zhXSj3MFOmD5,https://api.spotify.com/v1/tracks/1CJzOLz3J4zhXSj3MFOmD5,https://api.spotify.com/v1/audio-analysis/1CJzOLz3J4zhXSj3MFOmD5,243050,4,Dark Trap,For My Bros,,
0.84,0.539,7,-6.146,1,0.0965,0.0423,1.34E-06,0.124,0.07,140.016,audio_features,20BSdaBpIUvUv6PUvqJN8l,spotify:track:20BSdaBpIUvUv6PUvqJN8l,https://api.spotify.com/v1/tracks/20BSdaBpIUvUv6PUvqJN8l,https://api.spotify.com/v1/audio-analysis/20BSdaBpIUvUv6PUvqJN8l,219429,4,Dark Trap,Dope Game,,
0.936,0.704,5,-5.47,0,0.457,0.0632,0,0.104,0.566,130.022,audio_features,1ttPzkTSpQUFcEGx8bjerL,spotify:track:1ttPzkTSpQUFcEGx8bjerL,https://api.spotify.com/v1/tracks/1ttPzkTSpQUFcEGx8bjerL,https://api.spotify.com/v1/audio-analysis/1ttPzkTSpQUFcEGx8bjerL,214376,4,Dark Trap,Every Season,,
0.908,0.499,6,-7.793,0,0.642,0.267,0,0.078,0.114,132.968,audio_features,2H5CLUmtvo2VHEeWzMtUqW,spotify:track:2H5CLUmtvo2VHEeWzMtUqW,https://api.spotify.com/v1/tracks/2H5CLUmtvo2VHEeWzMtUqW,https://api.spotify.com/v1/audio-analysis/2H5CLUmtvo2VHEeWzMtUqW,278760,4,Dark Trap,LOST (feat. Kid Cudi),,
0.925,0.628,6,-7.587,1,0.131,0.0604,0,0.358,0.81,120.021,audio_features,2FTOLKjQUswhpdMFq15Raf,spotify:track:2FTOLKjQUswhpdMFq15Raf,https://api.spotify.com/v1/tracks/2FTOLKjQUswhpdMFq15Raf,https://api.spotify.com/v1/audio-analysis/2FTOLKjQUswhpdMFq15Raf,222533,4,Dark Trap,SPEEDBOAT,,
0.906,0.444,4,-8.692,0,0.384,0.136,6.44E-05,0.173,0.678,140.063,audio_features,4gmmRb6bZJffOOiww1JGTO,spotify:track:4gmmRb6bZJffOOiww1JGTO,https://api.spotify.com/v1/tracks/4gmmRb6bZJffOOiww1JGTO,https://api.spotify.com/v1/audio-analysis/4gmmRb6bZJffOOiww1JGTO,235040,4,Dark Trap,No Heart,,
